
BEGIN;
CREATE TABLE fields (
  fields_id INTEGER PRIMARY KEY,
  fields_name TEXT,
  product_type_id INTEGER
); 

INSERT INTO fields (fields_id, fields_name, product_type_id) VALUES
(1, 'name', 1),
(2, 'price', 1),
(3, 'supplier', 1),
(4, 'description', 1),
(5, 'image_location', 1),
(6, 'author', 2),
(7, 'language', 2);

CREATE TABLE merchant (
  merchant_id INTEGER PRIMARY KEY,
  merchant_name TEXT,
  merchant_motto TEXT,
  merchant_motto_font_color TEXT
); 

INSERT INTO merchant (merchant_id, merchant_name, merchant_motto, merchant_motto_font_color) VALUES
(1, 'Usbong Specialty Bookstore', 'Uplifting Human Lives', '#6f5630'),
(2, 'RetroCC', 'Keep Reading.<br>Keep Collecting.', '#FFFFFF'),
(3, 'Adarna House, Inc', 'Una sa Filipino', '#4f4c41'),
(4, 'Usbong Mart', 'Uplifting Human Lives', '#6f5630'),
(5, 'Marikina Orthopedic Specialty Clinic', 'Marikina Orthopedic Specialty Clinic', '#4f4c41'),
(6, 'Pinoydrones', 'We don''t just sell drones, We sell an experience.', '#FFFFFF');


CREATE TABLE product (
  product_id INTEGER PRIMARY KEY,
  merchant_id INTEGER,
  product_type_id INTEGER,
  name TEXT,
  price INTEGER,
  previous_price INTEGER,
  language TEXT,
  author TEXT,
  supplier TEXT,
  description TEXT,
  image_location TEXT,
  format TEXT,
  quantity_in_stock INTEGER,
  translator TEXT,
  pages INTEGER
); 

INSERT INTO product (product_id, merchant_id, product_type_id, name, price, previous_price, language, author, supplier, description, image_location, format, quantity_in_stock, translator, pages) VALUES
(1, 1, 2, 'The Remains of the Day', 400, NULL, 'English', 'Kazuo Ishiguro', NULL, 'Used - Acceptable', NULL, 'Hardcover', 1, '', NULL),
(2, 1, 2, 'The Daydreamer', 400, NULL, 'English', 'Ian McEwan', NULL, 'Used - Acceptable', NULL, 'Paperback', 1, '', NULL),
(3, 1, 2, 'Myths to Live By', 400, NULL, 'English', 'Joseph Campbell', NULL, 'Used - Acceptable', NULL, 'Paperback', 1, '', NULL),
(4, 1, 2, 'The Seasons of a Man''s Life', 500, NULL, 'English', 'Daniel Levinson et al.', NULL, 'Used - Acceptable', NULL, 'Paperback', 1, '', NULL),
(5, 1, 2, 'The Last Lecture', 400, NULL, 'English', 'Randy Pausch et al.', NULL, 'Used - Acceptable', NULL, 'Paperback', 1, '', NULL),
(6, 1, 2, 'The Innovators', 600, NULL, 'English', 'Walter Isaacson', NULL, 'Used - Very Good', NULL, 'Paperback', 1, '', NULL),
(7, 1, 2, 'Steve Jobs', 500, NULL, 'English', 'Walter Isaacson', NULL, 'Used - Acceptable', NULL, 'Paperback', 1, '', NULL),
(8, 1, 9, 'Tokyo University''s English', 1000, NULL, 'Japanese/English', 'Masafumi Satou', NULL, 'Used - Acceptable', NULL, 'Paperback', 0, '', NULL),
(9, 1, 2, 'Siddhartha', 300, NULL, 'English', 'Hermann Hesse', NULL, 'Used - Very Good', NULL, 'Paperback', 1, '', NULL),
(10, 1, 2, 'The Montessori Method', 400, NULL, 'English', 'Maria Montessori', NULL, 'Used - Acceptable', NULL, 'Paperback', 1, '', NULL),
(11, 1, 2, 'The Soul of a New Machine', 400, NULL, 'English', 'Tracy Kidder', NULL, 'Used - Acceptable', NULL, 'Hardcover', 1, '', NULL),
(12, 1, 2, 'Outliers: The Story of Success', 400, NULL, 'English', 'Malcolm Gladwell', NULL, 'Used - Acceptable', NULL, 'Hardcover', 1, '', NULL),
(13, 1, 2, 'Guns, Germs, and Steel', 500, NULL, 'English', 'Jared Diamond', NULL, 'Used - Acceptable', NULL, 'Paperback', 1, '', NULL),
(14, 1, 2, 'The Tao of Pooh', 300, NULL, 'English', 'Benjamin Hoff', NULL, 'Used - Acceptable', NULL, 'Paperback', 1, '', NULL),
(15, 1, 2, 'The Different Drum', 400, NULL, 'English', 'M. Scott Peck, M.D.', NULL, 'Used - Acceptable', NULL, 'Paperback', 1, '', NULL),
(16, 1, 2, 'The Lives of a Cell', 300, NULL, 'English', 'Lewis Thomas', NULL, 'Used - Acceptable', NULL, 'Paperback', 1, '', NULL),
(17, 1, 2, 'The Plague', 400, NULL, 'English', 'Albert Camus', NULL, 'Used - Acceptable', NULL, 'Paperback', 1, '', NULL),
(18, 1, 2, 'Living Language: French', 500, NULL, 'English', 'Anne Heminway', NULL, 'Used - Acceptable', NULL, 'Paperback', 1, '', NULL),
(19, 1, 2, 'Starting Point, 1979-1996', 850, NULL, 'English', 'Hayao Miyazaki', NULL, 'New', NULL, 'Paperback', 1, 'Beth Cary/Frederik L. Schodt', NULL),
(20, 1, 2, 'Turning Point, 1997-2008', 1400, NULL, 'English', 'Hayao Miyazaki', NULL, 'New', NULL, 'Hardcover', 1, 'Beth Cary/Frederik L. Schodt', NULL),
(21, 1, 2, 'Made in Japan', 400, NULL, 'English', 'Akio Morita et al.', NULL, 'Used - Acceptable', NULL, 'Paperback', 1, 'Edwin M. Reingold/Mitsuko Shimomura', NULL),
(22, 1, 2, 'Wikinomics', 400, NULL, 'English', 'Don Tapscott/Anthony Williams', NULL, 'Used - Acceptable', NULL, 'Hardcover', 1, NULL, NULL),
(23, 1, 2, 'The Dancing Wu Li Masters', 400, NULL, 'English', 'Gary Zukav', NULL, 'Used - Acceptable', NULL, 'Paperback', 1, NULL, NULL),
(24, 1, 10, 'Le Petit Prince', 320, 400, 'French', 'Antoine de Saint-Exupéry', NULL, 'Used - Acceptable', NULL, 'Paperback', 1, NULL, NULL),
(25, 1, 2, 'Founders at Work', 500, NULL, 'English', 'Jessica Livingston', NULL, 'Used - Acceptable', NULL, 'Hardcover', 1, NULL, NULL),
(26, 1, 2, 'Standard First Aid & Personal Safety', 500, NULL, 'English', 'American Red Cross', NULL, 'Used - Acceptable', NULL, 'Paperback', 0, NULL, NULL),
(27, 1, 9, 'HSK Level 5 Sample Exam', 1500, NULL, 'Mandarin/Japanese', 'Confucius Institute (Hanban)', NULL, 'Used - Acceptable', NULL, 'Paperback', 0, '株式会社スプリックス', NULL),
(28, 4, 3, 'M&S Earl Grey Tea', 295, NULL, 'English', NULL, NULL, NULL, NULL, NULL, 1, NULL, NULL),
(29, 4, 3, 'UCC Coffee (Rich Blend)', 580, NULL, 'Japanese', NULL, NULL, NULL, NULL, NULL, 0, NULL, NULL),
(30, 4, 3, 'sencha (Green Tea)', 225, NULL, 'Japanese', NULL, NULL, NULL, NULL, NULL, 1, NULL, NULL),
(31, 1, 5, 'PROMO-Le Petit Prince, Living Language French, The Plague', 1080, NULL, 'French/English', 'Saint-Exupéry, Heminway, Camus', NULL, 'Used - Acceptable', NULL, 'Paperback', 1, NULL, NULL),
(32, 1, 5, 'PROMO-Wikinomics, Guns, Germs, and Steel, The Soul of a New Machine, The Different Drum', 1490, NULL, 'English', 'Tapscott/Williams, Diamond, Kidder, Peck', NULL, 'Used - Acceptable', NULL, 'Mixed', 1, NULL, NULL),
(33, 1, 5, 'PROMO-Made in Japan, The Soul of a New Machine, Founders at Work, Outliers', 1490, NULL, 'English', 'Morita et al., Kidder, Gladwell, Livingston', NULL, 'Used - Acceptable', NULL, 'Mixed', 1, NULL, NULL),
(34, 1, 5, 'PROMO-Starting Point, Turning Point', 2180, NULL, 'English', 'Hayao Miyazaki', NULL, 'New', NULL, 'Mixed', 1, 'Beth Cary and Frederik L. Schodt', NULL),
(35, 1, 5, 'PROMO-Steve Jobs, The Innovators', 1025, NULL, 'English', 'Walter Isaacson', NULL, 'Used - Very Good', NULL, 'Paperback', 1, NULL, NULL),
(36, 2, 6, 'ACTION COMICS 1-52 (complete set)', 8000, NULL, 'English', NULL, NULL, 'new, 1-52 + extras, VF-NM', NULL, 'Paperback', 1, NULL, NULL),
(37, 2, 6, 'Silver Surfer vol 1 (complete set)', 32000, NULL, 'English', NULL, NULL, 'VG-F', NULL, 'Paperback', 1, NULL, NULL),
(38, 2, 6, 'Batman Superman set', 3000, NULL, 'English', NULL, NULL, 'VF-NM', NULL, 'Paperback', 1, NULL, 0),
(39, 2, 6, 'ULTIMATE FALLOUT set', 1800, NULL, 'English', NULL, NULL, 'VF-NM', NULL, 'Paperback', 1, NULL, NULL),
(40, 2, 6, 'KLAUS boom studios', 1200, NULL, 'English', NULL, NULL, 'complete set 1-7, VF-NM', NULL, NULL, 1, NULL, NULL),
(41, 2, 6, 'Empire of the Dead', 1500, NULL, 'English', NULL, NULL, 'VF', NULL, 'Paperback', 1, NULL, NULL),
(42, 2, 6, 'Fairest (complete set)', 3500, 4000, 'English', NULL, NULL, 'VF', NULL, 'Paperback', 1, NULL, NULL),
(43, 2, 6, 'Batman and Robin New 52 set', 6000, NULL, 'English', NULL, NULL, 'VF-NM', NULL, 'Paperback', 1, NULL, NULL),
(44, 1, 7, 'One Piece Manga set (1-20)', 2405, 3700, 'Japanese', NULL, NULL, 'Used - Acceptable', NULL, 'Paperback', 1, NULL, NULL),
(45, 1, 7, 'Conan Manga set (1-9)', 1082, 1665, 'Japanese', NULL, NULL, 'Used - Acceptable', NULL, 'Paperback', 1, NULL, NULL),
(46, 1, 7, 'Rurouni Kenshin Manga set (1-27 complete)', 3510, 5400, 'Japanese', NULL, NULL, 'Used - Good', NULL, 'Paperback', 1, NULL, NULL),
(47, 2, 8, 'DAREDEVIL', 800, NULL, 'English', NULL, NULL, NULL, NULL, NULL, 1, NULL, NULL),
(48, 2, 8, 'Spider-man Marvel Toybiz 90s', 700, NULL, 'English', NULL, NULL, 'New', NULL, NULL, 1, NULL, NULL),
(49, 2, 8, 'Marvel Legends Wave 1 X-MEN BAF Juggernaut', 10000, NULL, 'English', NULL, NULL, 'VF-NM', NULL, NULL, 0, NULL, NULL),
(50, 1, 9, 'shimbun de manabu nihongo (with CDs)', 1900, 2700, 'Japanese', 'Mizutani Osamu et al.', NULL, 'New', NULL, 'Paperback', 2, NULL, NULL),
(51, 1, 9, 'kanzen masta- 2kyuu', 910, 1296, 'Japanese', '3A Corporation', NULL, 'New', NULL, 'Paperback', 2, NULL, NULL),
(52, 1, 9, 'kanzen masta- 1kyuu', 910, 1296, 'Japanese', '3A Corporation', NULL, 'New', NULL, 'Paperback', 2, NULL, NULL),
(53, 1, 9, 'kanji look and learn', 950, 1350, 'Japanese', 'Eri Banno et al. (The Japan Times)', NULL, 'New', NULL, 'Paperback', 1, NULL, NULL),
(54, 1, 9, 'genki II 2nd ed (with CD)', 2650, 3780, 'Japanese', 'Eri Banno et al. (The Japan Times)', NULL, 'New', NULL, 'Paperback', 2, NULL, NULL),
(55, 1, 9, 'genki I 2nd ed (with CD)', 2650, 3780, 'Japanese', 'Eri Banno et al. (The Japan Times)', NULL, 'New', NULL, 'Paperback', 2, NULL, NULL),
(56, 1, 9, 'erin (with DVD) vol 3', 1820, 2592, 'Japanese', 'The Japan Foundation', NULL, 'New', NULL, 'Paperback', 2, NULL, NULL),
(57, 1, 9, 'erin (with DVD) vol 2', 1820, 2592, 'Japanese', 'The Japan Foundation', NULL, 'New', NULL, 'Paperback', 2, NULL, NULL),
(58, 1, 9, 'erin (with DVD) vol 1', 1820, 2592, 'Japanese', 'The Japan Foundation', NULL, 'New', NULL, 'Paperback', 2, NULL, NULL),
(59, 1, 2, 'kenshuui junjou monogatari', 350, NULL, 'Japanese', 'Keiichi Kawafuchi', NULL, 'New', NULL, 'Paperback', 1, NULL, NULL),
(60, 1, 2, 'Godel, Escher, Bach', 700, NULL, 'English', 'Douglas Hofstadter', NULL, 'Used - Acceptable', NULL, 'Paperback', 2, NULL, NULL),
(61, 1, 2, 'The Intelligent Investor', 550, NULL, 'English', 'Benjamin Graham', NULL, 'Used - Acceptable', NULL, 'Hardcover', 2, NULL, NULL),
(63, 1, 2, 'The Hero with a Thousand Faces', 600, NULL, 'English', 'Joseph Campbell', NULL, 'Used - Acceptable', NULL, 'Paperback', 1, NULL, NULL),
(64, 1, 2, 'The Seasons of a Woman''s Life', 500, NULL, 'English', 'Daniel Levinson et al.', NULL, 'Used - Acceptable', NULL, 'Paperback', 1, NULL, NULL),
(65, 1, 2, 'A New Earth', 500, NULL, 'English', 'Eckhart Tolle', NULL, 'Used - Acceptable', NULL, 'Paperback', 1, NULL, NULL),
(66, 1, 2, 'The Richest Man in Babylon', 300, NULL, 'English', 'George Clason', NULL, 'Used - Acceptable', NULL, 'Paperback', 1, NULL, NULL),
(67, 1, 7, 'Full Metal Alchemist Manga set (1-27 complete)', 3705, 5700, 'Japanese', 'Hiromu Arakawa', NULL, 'Used - Very Good', NULL, 'Paperback', 1, NULL, NULL),
(68, 1, 7, 'Ranma Manga set (1-38 complete)', 4550, 7000, 'Japanese', 'Rumiko Takahashi', NULL, 'Used - Very Good', NULL, 'Paperback', 1, NULL, NULL),
(69, 1, 2, 'The Salmon of Doubt', 400, NULL, 'English', 'Douglas Adams', NULL, 'Used - Acceptable', NULL, 'Paperback', 1, NULL, NULL),
(70, 1, 2, 'Banker to the Poor', 400, NULL, 'English', 'Muhammad Yunus', NULL, 'Used - Acceptable', NULL, 'Paperback', 1, NULL, NULL),
(71, 1, 2, 'Delivering Happiness', 500, NULL, 'English', 'Tony Hsieh', NULL, 'Used - Acceptable', NULL, 'Hardcover', 3, NULL, NULL),
(72, 1, 9, 'software kaihatsu gijutsusha 2008 ed', 2700, NULL, 'Japanese', 'nikkei BP company', NULL, 'Used - Acceptable', NULL, 'Paperback', 0, NULL, NULL),
(73, 1, 2, 'Surgeons Do Not Cry', 500, NULL, 'English', 'Ting Tiongco', NULL, 'Used - Acceptable', NULL, 'Paperback', 0, NULL, NULL),
(74, 1, 2, 'John L Gokongwei Jr', 500, NULL, 'English', 'Marites Khanser', NULL, 'Used - Acceptable', NULL, 'Paperback', 0, NULL, NULL),
(75, 1, 2, 'The Millionaire Next Door', 400, NULL, 'English', 'Thomas Stanley/William Danko', NULL, 'Used - Acceptable', NULL, 'Paperback', 5, NULL, NULL),
(76, 1, 2, 'Managing in a Time of Great Change', 500, NULL, 'English', 'Peter Drucker', NULL, 'Used - Acceptable', NULL, 'Paperback', 2, NULL, NULL),
(77, 1, 2, 'Direct from Dell', 500, NULL, 'English', 'Michael Dell (with Catherine Fredman)', NULL, 'Used - Acceptable', NULL, 'Paperback', 1, NULL, NULL),
(78, 1, 2, 'The HP Way', 500, NULL, 'English', 'David Packard', NULL, 'Used - Acceptable', NULL, 'Paperback', 1, NULL, NULL),
(79, 3, 10, 'Noong Unang Panahon', 180, 260, 'Filipino/English', ' Rafaelita Valera/Ghani Madueño', 'Adarna House, Inc.', 'New', NULL, 'Paperback', 99, NULL, 32),
(80, 3, 10, 'Si Lurat, Kidhat, Pirok, ug Piyong', 180, 260, 'Filipino/Cebuano', ' Virgilio S. Almario/Albert Gamos', 'Adarna House, Inc.', 'New', NULL, 'Paperback', 99, NULL, 32),
(81, 3, 10, 'Can We Live Without Trees', 230, 310, 'English', 'May Tobias-Papa/Fran Alvarez', 'Adarna House, Inc.', 'New', NULL, 'Paperback', 99, NULL, 40),
(82, 3, 10, 'Florante at Laura', 280, 360, 'Filipino', 'Francisco Balagtas/Virgilio S. Almario', 'Adarna House, Inc.', 'New', NULL, 'Paperback', 99, NULL, 152),
(83, 3, 10, 'Displaced', 330, 410, 'English', 'Aneka Rodriguez/Mitzi Villavecer', 'Adarna House, Inc.', 'New', NULL, 'Paperback', 99, NULL, 160),
(84, 3, 10, 'Mga Tala sa Dagat', 330, 410, 'Filipino', 'Annette Acacio Flores/Nanoy Rafael', 'Adarna House, Inc.', 'New', NULL, 'Paperback', 99, 'Nanoy Rafael', 100),
(85, 3, 10, 'Ibong Adarna (Complete Text)', 330, 410, 'Filipino', 'Virgilio S. Almario (Editor)', 'Adarna House, Inc.', 'New', NULL, 'Paperback', 99, NULL, 268),
(86, 3, 10, 'Si Janus Silang at ang Tiyanak ng Tabon', 255, 335, 'Filipino', 'Edgar Calabia Samar', 'Adarna House, Inc.', 'New', NULL, 'Paperback', 99, NULL, 180),
(87, 3, 10, 'Si Janus Silang at ang Labanang Manananggal-Mambabarang', 280, 360, 'Filipino', 'Edgar Calabia Samar', 'Adarna House, Inc.', 'New', NULL, 'Paperback', 99, NULL, 204),
(88, 3, 10, 'Buwan, Buwang Bulawan', 300, 380, 'Filipino', 'Virgilio S. Almario/Abi Goy', 'Adarna House, Inc.', 'New', NULL, 'Paperback', 99, NULL, 120),
(89, 3, 6, 'Light', 410, NULL, '(wordless)', 'Rob Cham', 'Adarna House, Inc.', 'New', NULL, 'Paperback', 99, NULL, 114),
(90, 3, 6, 'Sixty Six', 435, NULL, 'Filipino', 'Russell Molina/Ian Sta. Maria', 'Adarna House, Inc.', 'New', NULL, 'Paperback', 99, NULL, 148),
(91, 3, 7, 'Si Janus Silang at ang Tiyanak ng Tabon (Manga)', 410, NULL, 'Filipino', 'Edgar Calabia Samar/Carljoe Javier/Natasha Ringor', 'Adarna House, Inc.', 'New', NULL, 'Paperback', 99, NULL, 125),
(92, 3, 10, 'Detective Boys of Masangkay: Ang Mangkukulam', 355, 435, 'Filipino', 'Bernalyn Hapin Sastrillo/Borg Sinaban', 'Adarna House, Inc.', 'New', NULL, 'Paperback', 99, NULL, 216),
(93, 3, 10, 'Piagsugpatan: Stories of the Mandaya', 280, 360, 'English', 'Marcy Dans Lee et al.', 'Adarna House, Inc.', 'New', NULL, 'Paperback', 99, NULL, 90),
(94, 3, 10, 'Si Tito Libro at Ako', 280, 360, 'Filipino', 'Uma Krishnaswami/Nanoy Rafael/JC Galag', 'Adarna House, Inc.', 'New', NULL, 'Paperback', 99, 'Nanoy Rafael', 115),
(95, 3, 10, 'Supremo', 280, 360, 'Filipino', 'Xi Zuq/Al Estrella ', 'Adarna House, Inc.', 'New', NULL, 'Paperback', 99, NULL, 105),
(96, 3, 10, 'Pangkat Papaya', 280, 360, 'English', 'Xi Zuq/Al Estrella', 'Adarna House, Inc.', 'New', NULL, 'Paperback', 99, NULL, 105),
(97, 3, 10, 'Ang Lihim ng San Esteban', 280, 360, 'Filipino', 'Acacio Flores/Nanoy Rafael', 'Adarna House, Inc.', 'New', NULL, 'Paperback', 99, NULL, 100),
(98, 3, 10, 'Can We Live on Mars', 230, 310, 'English', 'Gidget Jimenez/Bru', 'Adarna House, Inc.', 'New', NULL, 'Paperback', 99, NULL, 40),
(99, 3, 10, 'Can We Drink the Ocean', 230, 310, 'English', 'Gidget Jimenez/Isabel Roxas', 'Adarna House, Inc.', 'New', NULL, 'Paperback', 99, NULL, 40),
(100, 3, 10, 'Can We Plug Into Lightning', 230, 310, 'English', 'Gidget Jimenez/Beth Parrocha-Doctolero', 'Adarna House, Inc.', 'New', NULL, 'Paperback', 99, NULL, 40),
(101, 3, 10, 'Guardians of Tradition: The Gawad sa Manlilikha ng Bayan', 230, 310, 'English', 'Mae Astrid Tobias/Rommel Joson/Renato S. Rastrollo', 'Adarna House, Inc.', 'New', NULL, 'Paperback', 99, NULL, 32),
(102, 3, 10, 'Handa Ako', 200, 280, 'Filipino', 'Liwliwa Malabed/Mia Lagos', 'Adarna House, Inc.', 'New', NULL, 'Paperback', 99, NULL, 44),
(103, 3, 10, 'Diksiyonaryong Adarna', 830, 910, 'Filipino', 'Adarna House, Inc.', 'Adarna House, Inc.', 'New', NULL, 'Paperback', 99, NULL, 800),
(104, 3, 10, 'What Kids Should Know About Andres and the Katipunan', 230, 310, 'English', 'Weng Cahiles/Isa Natividad', 'Adarna House, Inc.', 'New', NULL, 'Paperback', 99, NULL, 48),
(105, 3, 6, 'Piko', 410, NULL, 'Filipino/English', 'Josel Nicolas (Editor) et al.', 'Adarna House, Inc.', 'New', NULL, 'Paperback', 99, NULL, 96),
(106, 3, 10, 'Hating Kapatid', 180, 260, 'Filipino/English', 'Raissa Rivera Falgui/Fran Alvarez', 'Adarna House, Inc.', 'New', NULL, 'Paperback', 99, NULL, 32),
(107, 3, 10, 'Kung Linggo', 180, 260, 'Filipino', 'Virgilio S. Almario/Abi Goy', 'Adarna House, Inc.', 'New', NULL, 'Paperback', 99, NULL, 32),
(108, 3, 10, 'Pag-abot ni Kolor sa Lungsod', 180, 260, 'Cebuano/Filipino', 'Susan Dela Rosa Aragon', 'Adarna House, Inc.', 'New', NULL, 'Paperback', 99, 'Susan Dela Rosa Aragon', 32),
(109, 3, 10, 'Si Ambongan', 180, 260, 'Cebuano/Filipino', 'Lamberto Antonio/J.B. dela Peña', 'Adarna House, Inc.', 'New', NULL, 'Paperback', 99, NULL, 32),
(110, 3, 10, 'Si Diwayen, Noong Bago Dumating ang mga Espanyol', 180, 260, 'Filipino/English', 'Augie Rivera/Paolo Lim', 'Adarna House, Inc.', 'New', NULL, 'Paperback', 99, NULL, 32),
(111, 1, 8, 'Scratchbuild Revolution Hobbymate 12th Anniversary Edition', 3500, NULL, 'English', NULL, 'USA Gundam Store', 'New', NULL, 'Paperback', 1, NULL, NULL),
(112, 1, 2, 'Tuesdays with Morrie', 300, NULL, 'English', 'Mitch Albom', NULL, 'Used - Acceptable', NULL, 'Paperback', 1, NULL, NULL),
(113, 1, 6, 'Watchmen', 500, NULL, 'English', 'Alan Moore/Dave Gibbons', NULL, 'Used - Acceptable', NULL, 'Paperback', 1, NULL, NULL),
(114, 1, 2, 'The Alchemist', 350, NULL, 'English', 'Paulo Coelho', NULL, 'Used - Acceptable', NULL, 'Paperback', 1, NULL, NULL),
(115, 1, 2, 'Made in America', 350, NULL, 'English', 'Sam Walton/John Huey', NULL, 'Used - Acceptable', NULL, 'Paperback', 1, NULL, NULL),
(116, 1, 2, 'Goethe''s Faust', 400, NULL, 'German/English', 'Goethe/Walter Kaufmann', NULL, 'Used - Acceptable', NULL, 'Paperback', 1, 'Walter Kaufmann', NULL),
(117, 1, 2, 'Blink', 300, NULL, 'English', 'Malcolm Gladwell', NULL, 'Used - Acceptable', NULL, 'Paperback', 1, NULL, NULL),
(118, 1, 2, 'The Tipping Point', 300, NULL, 'English', 'Malcolm Gladwell', NULL, 'Used - Acceptable', NULL, 'Paperback', 1, NULL, NULL),
(119, 1, 8, 'The Art of the Matrix', 500, NULL, 'English', NULL, NULL, 'Used - Very Good', NULL, 'Paperback', 1, NULL, NULL),
(120, 1, 9, 'BJT Business Japanese Proficiency Test Listening and Reading Comprehension (with 2 CDs)', 1170, NULL, 'Japanese', 'JETRO', NULL, 'Used - Acceptable', NULL, 'Paperback', 1, NULL, NULL),
(121, 1, 9, 'BJT Business Japanese Proficiency Test Official Guide (with CD)', 820, NULL, 'Japanese', 'JETRO', NULL, 'Used - Acceptable', NULL, 'Paperback', 1, NULL, NULL),
(122, 1, 9, 'BJT Business Japanese Proficiency Test-Practice Test and Strategies (with CD)', 1100, NULL, 'Japanese', 'JAL Academy', NULL, 'Used - Acceptable', NULL, 'Paperback', 1, NULL, NULL),
(123, 4, 11, 'Hondashi 1kg', 870, NULL, 'Japanese/Mandarin', NULL, NULL, 'New', NULL, NULL, 1, NULL, NULL),
(125, 4, 11, 'Golden Curry Regular Hot', 235, NULL, 'Japanese', NULL, NULL, 'New', NULL, NULL, 1, NULL, NULL),
(126, 4, 11, 'Kikkoman Soy Sauce Naturally Brewed 1Litre', 350, NULL, 'English', NULL, NULL, NULL, NULL, NULL, 1, NULL, NULL),
(127, 4, 11, 'Spam 340g', 220, NULL, 'English', NULL, NULL, NULL, NULL, NULL, 1, NULL, NULL),
(128, 4, 11, 'Heinz Tomato Ketchup', 115, NULL, 'English', NULL, NULL, 'New', NULL, NULL, 1, NULL, NULL),
(129, 4, 12, 'Schick Exact 2 Razors 2plus1', 125, NULL, 'English', NULL, NULL, NULL, NULL, NULL, 1, NULL, NULL),
(130, 4, 11, 'Nissin Cup Noodles with Shrimp 64g', 115, NULL, 'English', NULL, NULL, 'New', NULL, NULL, 1, NULL, NULL),
(131, 4, 12, 'Safeguard Value Pack 3x135g', 180, NULL, 'English', NULL, NULL, 'New', NULL, NULL, 1, NULL, NULL),
(132, 4, 12, 'Old Spice High Endurance Dry Cream Pure Sport 45g', 296, NULL, 'English', NULL, NULL, 'New', NULL, NULL, 1, NULL, NULL),
(133, 4, 11, 'JBC Happy Peanuts 100g', 100, NULL, 'English', NULL, NULL, 'New', NULL, NULL, 1, NULL, NULL),
(134, 1, 8, 'The Legend of Zelda Hyrule Historia', 2000, NULL, 'English', NULL, NULL, 'Used - Very Good', NULL, NULL, 1, NULL, NULL),
(135, 4, 11, 'marukome dashiiri katsuo kombu miso 1kg', 250, NULL, 'Japanese', NULL, NULL, NULL, NULL, NULL, 1, NULL, NULL),
(136, 4, 11, 'yakisoba sauce 1,200g', 350, NULL, 'Japanese', NULL, NULL, NULL, NULL, NULL, 1, NULL, NULL),
(137, 4, 11, 'kewpie Japanese mayonnaise 500g', 275, NULL, 'Japanese', NULL, NULL, NULL, NULL, NULL, 1, NULL, NULL),
(138, 4, 11, 'The Original Hotcake Mix Fluffy n Tasty', 135, NULL, 'English', NULL, NULL, NULL, NULL, NULL, 1, NULL, NULL),
(139, 4, 11, 'McCormick Iodized Salt 140g', 100, NULL, 'English', NULL, NULL, 'New', NULL, NULL, 1, NULL, NULL),
(140, 4, 12, 'izumi Glass Teapot with Strainer 700ml', 158, NULL, 'English', NULL, NULL, NULL, NULL, NULL, 1, NULL, NULL),
(141, 4, 5, 'PROMO-sencha (Green Tea), izumi Glass Teapot with Strainer 700ml', 312, 383, 'English', NULL, NULL, NULL, NULL, NULL, 1, NULL, NULL),
(142, 1, 5, 'PROMO-erin (with DVDs) vol 1-3', 5320, 7776, 'Japanese', NULL, NULL, NULL, NULL, 'Paperback', 1, NULL, NULL),
(143, 1, 7, 'Nodame Manga set (1-25 complete)', 3250, 5000, 'Japanese', NULL, NULL, 'Used - Good', NULL, NULL, 1, NULL, NULL),
(144, 1, 5, 'PROMO-kanzen masta- 1kyuu and 2kyuu', 1750, 1820, 'Japanese', NULL, NULL, 'New', NULL, NULL, 1, NULL, NULL),
(145, 3, 10, 'Alpabetong Filipino', 180, 260, 'Filipino', 'Virgilio S. Almario/Paul Eric Roca', NULL, 'New', NULL, 'Paperback', 99, NULL, 32),
(146, 3, 10, 'Ang Alamat ng Palay', 180, 260, 'Filipino/English', 'Virgilio S. Almario/Conrad Raquel', NULL, 'New', NULL, 'Paperback', 99, NULL, 32),
(147, 3, 10, 'Alamat ng Ampalaya', 180, 260, 'Filipino/English', 'Augie Rivera/Kora Dandan-Albano', NULL, 'New', NULL, 'Paperback', 99, NULL, 32),
(148, 3, 10, 'Filemon Mamon', 180, 260, 'Filipino/English', 'Christine Bellen/Jason Moss', NULL, 'New', NULL, 'Paperback', 99, NULL, 32),
(149, 3, 10, 'Naging Manlililok si Wigan', 180, 260, 'Filipino', 'Felice Prudente Sta. Maria et al.', NULL, 'New', NULL, 'Paperback', 99, NULL, 32),
(150, 3, 10, 'Si Pilandok at ang Manok na Nangingitlog ng Ginto', 180, 260, 'Filipino/English', 'Virgilio S. Almario/Kora Dandan-Albano', NULL, 'New', NULL, 'Paperback', 99, NULL, 32),
(151, 1, 12, 'Best Buy Popsicle Sticks 100pieces Red', 122, NULL, 'English', NULL, NULL, 'New', NULL, NULL, 99, NULL, NULL),
(152, 1, 12, 'Best Buy Popsicle Sticks 100pieces Yellow', 122, NULL, 'English', NULL, NULL, 'New', NULL, NULL, 99, NULL, NULL),
(153, 1, 12, 'Best Buy Popsicle Sticks 300pieces Yellow', 206, NULL, 'English', NULL, NULL, 'New', NULL, NULL, 99, NULL, NULL),
(154, 1, 12, 'Glue Gun Small Acura ZD-5', 200, NULL, 'English', NULL, NULL, 'New', NULL, NULL, 99, NULL, NULL),
(155, 1, 12, 'Glue Stick Small 6pieces', 96, NULL, 'English', NULL, NULL, 'New', NULL, NULL, 99, NULL, NULL),
(156, 1, 5, 'PROMO-Glue Gun, Glue Sticks 6pieces, Popsicle Sticks 100pieces', 274, NULL, 'English', NULL, NULL, 'New', NULL, NULL, 99, NULL, NULL),
(157, 1, 2, 'The Sandman Book of Dreams', 375, NULL, 'English', 'Neil Gaiman/Ed Kramer (Eds.)', NULL, NULL, NULL, 'Paperback', 3, NULL, NULL),
(158, 2, 6, 'Fantastic four forever story arc set', 800, NULL, 'English', NULL, NULL, 'VF-NM', NULL, 'Paperback', 1, NULL, NULL),
(159, 2, 6, 'amazing spider-man comics lot', 800, NULL, 'English', NULL, NULL, 'VF-NM', NULL, 'Paperback', 1, NULL, NULL),
(160, 2, 6, 'superior spider-man complete goblin nation story arc', 1000, NULL, 'English', NULL, NULL, 'VF', NULL, 'Paperback', 1, NULL, NULL),
(161, 2, 6, 'spider-man no turning back story arc', 600, NULL, 'English', NULL, NULL, 'VF-NM', NULL, 'Paperback', 1, NULL, NULL),
(162, 2, 6, 'spider-man ends of the earth story arc', 1200, NULL, 'English', NULL, NULL, 'VF-NM', NULL, 'Paperback', 1, NULL, NULL),
(163, 2, 6, 'Spider-man spider island story arc set', 1200, NULL, 'English', NULL, NULL, 'VF-NM', NULL, 'Paperback', 1, NULL, NULL),
(164, 2, 6, 'civil war II', 1400, NULL, 'English', NULL, NULL, 'NM', NULL, 'Paperback', 1, NULL, NULL),
(165, 2, 6, 'battleworld thors set', 400, NULL, 'English', NULL, NULL, 'VF-NM', NULL, 'Paperback', 1, NULL, NULL),
(166, 2, 6, 'dc comics presents deadman story arc', 500, NULL, 'English', NULL, NULL, 'VF-NM', NULL, 'Paperback', 1, NULL, NULL),
(167, 2, 6, 'warland comics set + extra', 1200, NULL, 'English', NULL, NULL, 'VG-F', NULL, 'Paperback', 1, NULL, NULL),
(168, 2, 6, 'green lantern new 52', 400, NULL, 'English', NULL, NULL, 'VF-NM', NULL, 'Paperback', 1, NULL, NULL),
(169, 2, 6, 'captain atom new 52', 300, NULL, 'English', NULL, NULL, 'VF-NM', NULL, 'Paperback', 1, NULL, NULL),
(170, 2, 6, 'spaceman set', 900, NULL, 'English', NULL, NULL, 'VF-NM', NULL, 'Paperback', 1, NULL, NULL),
(171, 2, 6, 'penguin pain and prejudice set', 600, NULL, 'English', NULL, NULL, 'VF-NM', NULL, 'Paperback', 1, NULL, NULL),
(172, 2, 6, 'superman new 52', 600, NULL, 'English', NULL, NULL, 'VF-NM', NULL, 'Paperback', 1, NULL, NULL),
(173, 2, 6, 'green arrow new 52 number 1', 400, NULL, 'English', NULL, NULL, 'NM', NULL, 'Paperback', 1, NULL, NULL),
(174, 2, 6, 'animal man new 52', 450, NULL, 'English', NULL, NULL, 'VF', NULL, 'Paperback', 1, NULL, NULL),
(175, 2, 6, 'swamp thing new 52', 400, NULL, 'English', NULL, NULL, 'VF', NULL, 'Paperback', 1, NULL, NULL),
(176, 2, 6, 'x-men number 12', 8000, NULL, 'English', NULL, NULL, 'VG', NULL, 'Paperback', 1, NULL, NULL),
(177, 2, 6, 'ultimate comics new spider-man set', 4500, NULL, 'English', NULL, NULL, 'VF-NM', NULL, 'Paperback', 1, NULL, NULL),
(178, 2, 6, 'spider-men complete set', 1200, NULL, 'English', NULL, NULL, 'VF-NM', NULL, 'Paperback', 1, NULL, NULL),
(179, 2, 6, 'INDESTRUCTIBLE hulk set', 1500, NULL, 'English', NULL, NULL, 'F', NULL, 'Paperback', 1, NULL, NULL),
(180, 2, 6, 'sub-mariner number 8', 900, NULL, 'English', NULL, NULL, 'VG-F', NULL, 'Paperback', 1, NULL, NULL),
(181, 2, 8, 'BTAS killer croc', 800, NULL, 'English', NULL, NULL, 'New', NULL, NULL, 1, NULL, NULL),
(182, 2, 8, 'punisher art print', 1000, NULL, 'English', NULL, NULL, 'New', NULL, NULL, 1, NULL, NULL),
(183, 2, 8, 'BTAS Mr. Freeze', 800, NULL, 'English', NULL, NULL, 'New', NULL, NULL, 1, NULL, NULL),
(184, 2, 8, 'BTAS scarecrow', 800, NULL, 'English', NULL, NULL, 'New', NULL, NULL, 1, NULL, NULL),
(185, 2, 8, 'captain america cards', 200, NULL, 'English', NULL, NULL, 'New', NULL, NULL, 1, NULL, NULL),
(186, 2, 8, 'Venom marvel toybiz 90s', 700, NULL, 'English', NULL, NULL, 'New', NULL, NULL, 1, NULL, NULL),
(187, 2, 8, 'Morbius', 400, NULL, 'English', NULL, NULL, 'New', NULL, NULL, 1, NULL, NULL),
(188, 2, 8, 'Rogue', 400, NULL, 'English', NULL, NULL, 'New', NULL, NULL, 1, NULL, NULL),
(189, 2, 8, 'Carnage', 600, NULL, 'English', NULL, NULL, 'New', NULL, '', 1, NULL, NULL),
(190, 2, 8, 'captain america art print', 1000, NULL, 'English', NULL, NULL, 'New', NULL, NULL, 1, NULL, NULL),
(191, 2, 8, 'silver surfer', 800, NULL, 'English', NULL, NULL, NULL, NULL, NULL, 1, NULL, NULL),
(192, 2, 8, 'US agent', 500, NULL, 'English', NULL, NULL, 'New', NULL, NULL, 1, NULL, NULL),
(193, 2, 8, 'talking venom', 700, NULL, 'English', NULL, NULL, 'New', NULL, NULL, 1, NULL, NULL),
(194, 2, 8, 'deathlok', 650, NULL, 'English', NULL, NULL, 'New', NULL, NULL, 1, NULL, NULL),
(195, 2, 8, 'scarlet spider', 850, NULL, 'English', NULL, NULL, NULL, NULL, NULL, 1, NULL, NULL),
(196, 2, 8, 'green goblin marvel 90s', 400, NULL, 'English', NULL, NULL, NULL, NULL, NULL, 1, NULL, NULL),
(197, 2, 8, 'black widow marvel 90s', 400, NULL, 'English', NULL, NULL, 'New', NULL, NULL, 1, NULL, NULL),
(198, 2, 8, 'captain marvel', 600, NULL, 'English', NULL, NULL, 'New', NULL, NULL, 1, NULL, NULL),
(199, 2, 8, 'iron fist marvel 90s', 800, NULL, 'English', NULL, NULL, 'New', NULL, NULL, 1, NULL, NULL),
(200, 2, 8, 'Falcon marvel 90s', 500, NULL, 'English', NULL, NULL, 'New', NULL, NULL, 1, NULL, NULL),
(201, 2, 8, 'bullseye and electra', 700, NULL, 'English', NULL, NULL, 'New', NULL, NULL, 1, NULL, NULL),
(202, 2, 8, 'cyclops and jean grey marvel 90s', 700, NULL, 'English', NULL, NULL, 'New', NULL, NULL, 1, NULL, NULL),
(203, 2, 8, 'DD marvel toybiz 90s', 500, NULL, 'English', NULL, NULL, 'New', NULL, NULL, 1, NULL, NULL),
(204, 2, 8, 'metal gear liquid snake action figure', 1500, NULL, 'English', NULL, NULL, 'New', NULL, NULL, 1, NULL, NULL),
(205, 2, 8, 'green goblin marvel toybiz 90s', 600, NULL, 'English', NULL, NULL, 'New', NULL, NULL, 1, NULL, NULL),
(206, 4, 12, 'head and shoulders apple fresh shampoo 170ml', 196, NULL, 'English', NULL, NULL, 'New', NULL, NULL, 99, NULL, NULL),
(207, 4, 11, 'Ligo Sardines Easy Open Tomato Chili 155g 6cans', 166, NULL, 'English', NULL, NULL, 'New', NULL, NULL, 99, NULL, NULL),
(208, 1, 2, 'A Truck Full of Money', 500, NULL, 'English', 'Tracy Kidder', NULL, 'Used - Very Good', NULL, 'Paperback', 1, NULL, NULL),
(209, 1, 2, 'Made to Stick', 550, NULL, 'English', 'Chip Heath/Dan Heath', NULL, 'Used - Good', NULL, 'Paperback', 2, NULL, NULL),
(210, 1, 2, 'Mountains Beyond Mountains', 500, NULL, 'English', 'Tracy Kidder', NULL, 'Used - Good', NULL, 'Hardcover', 1, NULL, NULL),
(211, 1, 2, 'My Stroke of Insight', 500, NULL, 'English', 'Jill Bolte Taylor, Ph.D.', NULL, 'Used - Good', NULL, 'Hardcover', 1, NULL, NULL),
(212, 1, 2, 'Presentation Zen', 500, NULL, 'English', 'Garr Reynolds', NULL, 'Used - Good', NULL, 'Paperback', 2, NULL, NULL),
(213, 1, 2, 'Surely You''re Joking, Mr. Feynman', 500, NULL, 'English', 'Richard Feynman', NULL, 'Used - Good', NULL, 'Paperback', 2, NULL, NULL),
(214, 1, 2, 'The Pleasure of Finding Things Out', 500, NULL, 'English', 'Richard Feynman', NULL, 'Used - Good', NULL, 'Paperback', 2, NULL, NULL),
(215, 1, 2, 'The Road Less Traveled', 350, NULL, 'English', 'M. Scott Peck, M.D.', NULL, 'Used - Good', NULL, 'Paperback', 2, NULL, NULL),
(216, 1, 2, 'The Youngest Science', 400, NULL, 'English', 'Lewis Thomas', NULL, 'Used - Good', NULL, 'Hardcover', 1, NULL, NULL),
(217, 1, 2, 'When All You''ve Ever Wanted Isn''t Enough', 400, NULL, 'English', 'Harold Kushner', NULL, 'Used - Very Good', NULL, 'Paperback', 1, NULL, NULL),
(218, 1, 2, 'The Myth of Sisyphus', 400, NULL, 'English', 'Albert Camus', NULL, 'Used - Acceptable', NULL, 'Paperback', 1, NULL, NULL),
(219, 1, 2, 'Musicophilia', 500, NULL, 'English', 'Oliver Sacks', NULL, 'Used - Acceptable', NULL, 'Hardcover', 2, NULL, NULL),
(220, 1, 2, 'Thinking, Fast and Slow', 950, NULL, 'English', 'Daniel Kahneman', NULL, 'Used - Acceptable', NULL, 'Hardcover', 1, NULL, NULL),
(221, 1, 2, 'The World is Flat', 400, NULL, 'English', 'Thomas Friedman', NULL, 'Used - Good', NULL, 'Paperback', 1, NULL, NULL),
(222, 1, 2, 'The Complete Original Illustrated Sherlock Holmes', 600, NULL, 'English', 'Arthur Conan Doyle', NULL, 'Used - Very Good', NULL, 'Hardcover', 1, NULL, NULL),
(223, 1, 2, 'Great Detectives', 600, NULL, 'English', 'David Willis McCullough (Ed)', NULL, 'Used - Very Good', NULL, 'Hardcover', 1, NULL, NULL),
(224, 1, 2, 'The Dilbert Principle', 400, NULL, 'English', 'Scott Adams', NULL, 'Used - Good', NULL, 'Hardcover', 1, NULL, NULL),
(225, 1, 2, 'Introduction to Zen Buddhism', 460, NULL, 'English', 'D. T. Suzuki', NULL, 'Used - Good', NULL, 'Paperback', 1, NULL, NULL),
(226, 4, 11, 'Rebisco Strawberry Cream-Filled Cracker Sandwich 10x32g packs', 132, NULL, 'English', NULL, NULL, 'New', NULL, NULL, 99, NULL, NULL),
(227, 1, 2, 'Creating a World Without Poverty', 500, NULL, 'English', 'Muhammad Yunus', NULL, 'Used - Good', NULL, 'Paperback', 1, NULL, NULL),
(229, 1, 2, 'Letters to a Young Poet', 270, NULL, 'English', 'Rainer Maria Rilke/Stephen Mitchell', NULL, 'Used - Good', NULL, 'Paperback', 1, 'Stephen Mitchell', NULL),
(230, 1, 2, 'The Long Tail', 500, NULL, 'English', 'Chris Anderson', NULL, 'Used - Good', NULL, 'Paperback', 1, NULL, NULL),
(231, 1, 2, 'The Dilbert Future', 400, NULL, 'English', 'Scott Adams', NULL, 'Used - Good', NULL, 'Paperback', 1, NULL, NULL),
(232, 1, 2, 'The Greatest Show on Earth', 500, NULL, 'English', 'Richard Dawkins', NULL, 'Used - Good', NULL, 'Paperback', 1, NULL, NULL),
(233, 1, 2, 'A Brief History of Time', 500, NULL, 'English', 'Stephen Hawking', NULL, 'Used - Good', NULL, 'Paperback', 1, NULL, NULL),
(234, 1, 2, 'A Whole New Mind', 420, NULL, 'English', 'Daniel Pink', NULL, 'Used - Acceptable', NULL, 'Paperback', 1, NULL, NULL),
(235, 1, 2, 'Among Schoolchildren', 400, NULL, 'English', 'Tracy Kidder', NULL, 'Used - Good', NULL, 'Hardcover', 1, NULL, NULL),
(236, 1, 2, 'Born to Run', 500, NULL, 'English', 'Christopher McDougall', NULL, 'Used - Good', NULL, 'Hardcover', 1, NULL, NULL),
(237, 1, 2, 'Einstein''s Dreams', 420, NULL, 'English', 'Alan Lightman', NULL, 'Used - Good', NULL, 'Paperback', 1, NULL, NULL),
(238, 1, 2, 'Hanging Out with the Dream King', 480, NULL, 'English', 'Joseph McCabe (Ed)', NULL, 'Used - Good', NULL, 'Paperback', 1, NULL, NULL),
(239, 1, 2, 'In Search of Excellence', 420, NULL, 'English', 'Thomas J. Peters/Robert H. Waterman, Jr.', NULL, 'Used - Good', NULL, 'Paperback', 1, NULL, NULL),
(240, 1, 2, 'Mere Christianity', 460, NULL, 'English', 'C. S. Lewis', NULL, 'Used - Good', NULL, 'Paperback', 1, NULL, NULL),
(241, 1, 2, 'They Call Me Coach', 600, NULL, 'English', 'John Wooden/Jack Tobin', NULL, 'Used - Good', NULL, 'Paperback', 1, NULL, NULL),
(242, 1, 2, 'The Happiness Project', 420, NULL, 'English', 'Gretchen Rubin', NULL, 'Used - Good', NULL, 'Paperback', 1, NULL, NULL),
(243, 1, 2, 'Strength in What Remains', 500, NULL, 'English', 'Tracy Kidder', NULL, 'Used - Good', NULL, 'Paperback', 1, NULL, NULL),
(244, 1, 2, 'Things Fall Apart', 500, NULL, 'English', 'Chinua Achebe', NULL, 'Used - Acceptable', NULL, 'Paperback', 1, NULL, NULL),
(245, 1, 2, 'Harvard Med', 500, NULL, 'English', 'John Langone', NULL, 'Used - Good', NULL, 'Paperback', 1, NULL, NULL),
(246, 1, 2, 'The Lean Startup', 800, NULL, 'English', 'Eric Ries', NULL, 'Used - Very Good', NULL, 'Hardcover', 1, NULL, NULL),
(247, 1, 2, 'Einstein', 600, NULL, 'English', 'Walter Isaacson', NULL, 'Used - Very Good', NULL, 'Paperback', 1, NULL, NULL),
(248, 1, 2, 'Quiet', 600, NULL, 'English', 'Susan Cain', NULL, 'Used - Good', NULL, 'Paperback', 1, NULL, NULL),
(249, 1, 2, 'Wooden', 400, NULL, 'English', 'John Wooden/Steve Jamison', NULL, 'Used - Good', NULL, 'Hardcover', 1, NULL, NULL),
(250, 1, 2, 'Good Boss, Bad Boss', 500, NULL, 'English', 'Robert Sutton, PhD', NULL, 'Used - Good', NULL, 'Paperback', 1, NULL, NULL),
(251, 1, 2, 'Vintage Sacks', 450, NULL, 'English', 'Oliver Sacks', NULL, 'Used - Acceptable', NULL, 'Paperback', 1, NULL, NULL),
(252, 4, 11, 'M&S Digestives Made with Demerara Sugar for a Crispier Crunchier Texture', 225, NULL, 'English', NULL, NULL, 'New', NULL, NULL, 99, NULL, NULL),
(253, 4, 11, 'M&S Milk Chocolate Digestives', 225, NULL, 'English', NULL, NULL, 'New', NULL, NULL, 99, NULL, NULL),
(254, 1, 2, 'Como agua para chocolate', 400, NULL, 'Spanish', 'Laura Esquivel', NULL, 'Used - Good', NULL, 'Paperback', 1, NULL, NULL),
(255, 1, 2, 'Brave New World', 400, NULL, 'English', 'Aldous Huxley', NULL, 'Used - Acceptable', NULL, 'Paperback', 1, NULL, NULL),
(256, 1, 2, 'Et Cetera Et Cetera', 450, NULL, 'English', 'Lewis Thomas', NULL, 'Used - Acceptable', NULL, 'Paperback', 1, NULL, NULL),
(257, 1, 2, 'The Lost World', 400, NULL, 'English', 'Arthur Conan Doyle', NULL, 'Used - Acceptable', NULL, 'Paperback', 1, NULL, NULL),
(258, 1, 2, 'The Science of Everyday Life', 400, NULL, 'English', 'Jay Ingram', NULL, 'Used - Good', NULL, 'Paperback', 1, NULL, NULL),
(259, 1, 2, 'Vietnamese Legends Folk Tales', 400, NULL, 'English', 'Culture and Information Publishing House', NULL, 'Used - Good', NULL, 'Paperback', 0, NULL, NULL),
(260, 1, 7, 'Slam Dunk Manga set (23-31)', 1170, 1800, 'Japanese', NULL, NULL, 'Used - Acceptable', NULL, 'Paperback', 1, NULL, NULL),
(261, 1, 2, 'Coders at Work', 1600, NULL, 'English', 'Peter Seibel', NULL, 'Used - Good', NULL, 'Paperback', 0, NULL, NULL),
(262, 1, 2, 'Crossing the Chasm', 450, NULL, 'English', 'Geoffrey Moore', NULL, 'Used - Acceptable', NULL, 'Paperback', 1, NULL, NULL),
(263, 1, 2, 'e boys', 400, NULL, 'English', 'Randall Stross', NULL, 'Used - Acceptable', NULL, 'Paperback', 1, NULL, NULL),
(264, 1, 2, 'Fluid Concepts and Creative Analogies', 600, NULL, 'English', 'Douglas Hofstadter', NULL, 'Used - Good', NULL, 'Paperback', 1, NULL, NULL),
(265, 1, 2, 'Glimpses of the Harvard Past', 500, NULL, 'English', 'Bernard Bailyn et al.', NULL, 'Used - Acceptable', NULL, 'Hardcover', 1, NULL, NULL),
(266, 1, 2, 'The Solitaire Mystery', 400, NULL, 'English', 'Jostein Gaarder', NULL, 'Used - Good', NULL, 'Paperback', 1, NULL, NULL),
(267, 1, 2, 'The Virtual Community', 400, NULL, 'English', 'Howard Rheingold', NULL, 'Used - Good', NULL, 'Paperback', 1, NULL, NULL),
(268, 1, 2, 'MBA Fundamentals Business Law', 600, NULL, 'English', 'Ellen Curry, JD', NULL, 'Used - Good', NULL, 'Paperback', 0, NULL, NULL),
(269, 1, 2, 'Super Crunchers', 400, NULL, 'English', 'Ian Ayres', NULL, 'Used - Acceptable', NULL, 'Paperback', 1, NULL, NULL),
(270, 1, 2, 'The New New Thing', 450, NULL, 'English', 'Michael Lewis', NULL, 'Used - Acceptable', NULL, 'Paperback', 1, NULL, NULL),
(271, 4, 11, 'Bread Stix 130g', 99, NULL, 'English', NULL, NULL, 'New', NULL, NULL, 99, NULL, NULL),
(272, 1, 2, 'A Small Treatise on the Great Virtues', 450, NULL, 'English', 'André Comte-Sponville', NULL, 'Used - Good', NULL, 'Paperback', 1, NULL, NULL),
(273, 1, 2, 'Core Concepts in Health 10th ed', 600, NULL, 'English', 'Paul Insel/Walton Roth', NULL, 'Used - Acceptable', NULL, 'Paperback', 0, NULL, NULL),
(274, 1, 2, 'How to Learn a Foreign Language', 900, NULL, 'English', 'Paul Pimsleur', NULL, 'Used - Good', NULL, 'Paperback', 1, NULL, NULL),
(275, 1, 2, 'Slumdog Millionaire', 400, NULL, 'English', 'Vikas Swarup', NULL, 'Used - Good', NULL, 'Paperback', 1, NULL, NULL),
(276, 4, 11, 'Quaker Oat Cookies 4 flavor 7 packs plus 1 free', 168, NULL, 'English', NULL, NULL, 'New', NULL, NULL, 99, NULL, NULL),
(277, 3, 10, 'Nemo, ang Batang Papel', 180, NULL, 'Filipino/English', 'Rene O. Villanueva/Haru Sabijon', NULL, 'New', NULL, 'Paperback', 99, NULL, NULL),
(278, 3, 10, 'Si Janus Silang at ang Pitumpu''t Pitong Pusong', 380, NULL, 'Filipino', 'Edgar Calabia Samar/Borg Sinaban', NULL, 'New', NULL, 'Paperback', 99, NULL, NULL),
(279, 3, 10, 'Matandang Matabang Pusa', 356, NULL, 'Filipino', 'Virgilio S. Almario/Felix Mago Miguel', NULL, 'New', NULL, 'Paperback', 99, NULL, NULL),
(280, 3, 10, 'Ang Halimaw ng mga Kulay (Coloring Book)', 230, NULL, 'Filipino', 'Anna Llenas', NULL, 'New', NULL, 'Paperback', 99, NULL, NULL),
(281, 3, 10, 'Ang Halimaw ng mga Kulay (Picture Book)', 480, NULL, 'Filipino/English', 'Anna Llenas', NULL, 'New', NULL, 'Paperback', 99, NULL, NULL),
(282, 3, 10, 'Ang Madyik Silya ni Titoy', 180, NULL, 'Filipino/English', 'Russell Molina/Marcus Nada', NULL, 'New', NULL, 'Paperback', 99, NULL, NULL),
(283, 3, 10, 'Ang Mahiyaing Manok', 180, NULL, 'Filipino/English', 'Rebecca Añonuevo/Ruben de Jesus', NULL, 'New', NULL, 'Paperback', 99, NULL, NULL),
(284, 3, 10, 'Apolakus', 180, NULL, 'Filipino/English', 'Alice Mallari/ Leo Agtuca', NULL, 'New', NULL, 'Paperback', 99, NULL, NULL),
(285, 3, 10, 'Bakit Matagal ang Sundo Ko', 180, NULL, 'Filipino/English', 'Kristine Canon/Mariano Ching', NULL, 'New', NULL, 'Paperback', 99, NULL, NULL),
(286, 3, 10, 'Si Pilandok at ang mga Buwaya', 180, NULL, 'Filipino/English', 'Virgilio S. Almario/ Kora Dandan-Albano', NULL, 'New', NULL, 'Paperback', 99, NULL, NULL),
(287, 3, 10, 'Si Pilandok sa Pulo ng Pawikan', 180, NULL, 'Filipino/English', 'Virgilio S. Almario/Kora Dandan-Albano', NULL, 'New', NULL, 'Paperback', 99, NULL, NULL),
(288, 3, 10, 'Si Pilandok, ang Bantay ng Kalikasan', 180, NULL, 'Filipino/English', 'Virgilio S. Almario/Kora Dandan-Albano', NULL, 'New', NULL, 'Paperback', 99, NULL, NULL),
(289, 3, 10, 'The Cat Painter', 180, NULL, 'English', 'Becky Bravo/Mark Salvatus', NULL, 'New', NULL, 'Paperback', 99, NULL, NULL),
(290, 3, 10, 'The Love of Lam-Ang', 180, NULL, 'Filipino/English', 'Virgilio S. Almario/Albert Gamos', NULL, 'New', NULL, 'Paperback', 99, NULL, NULL),
(291, 3, 10, 'When Zero Left Numberland', 180, NULL, 'English', 'Maita Songco Salvador/Iori Espiritu', NULL, 'New', NULL, 'Paperback', 99, NULL, NULL),
(292, 3, 10, 'Whuush', 180, NULL, 'Filipino/English', 'Glenda Oris/Aldy Aguirre', NULL, 'New', NULL, 'Paperback', 99, NULL, NULL),
(293, 3, 10, 'Xilef', 180, NULL, 'Filipino/English', 'Augie Rivera/Beth Parrocha-Doctolero', NULL, 'New', NULL, 'Paperback', 99, NULL, NULL),
(294, 1, 10, 'Charlotte''s Web', 300, NULL, 'English', 'E. B. White', NULL, 'Used - Good', NULL, 'Paperback', 1, NULL, NULL),
(295, 1, 2, 'The Eye of the World', 300, NULL, 'English', 'Robert Jordan', NULL, 'Used - Good', NULL, 'Paperback', 1, NULL, NULL),
(296, 1, 10, 'Charlie and the Chocolate Factory', 400, NULL, 'English', 'Roald Dahl', NULL, 'Used - Good', NULL, 'Paperback', 1, NULL, NULL),
(297, 1, 2, 'Forrest Gump', 400, NULL, 'English', 'Winston Groom', NULL, 'Used - Good', NULL, 'Paperback', 1, NULL, NULL),
(298, 1, 2, 'Gump and Co', 400, NULL, 'English', 'Winston Groom', NULL, 'Used - Good', NULL, 'Paperback', 1, NULL, NULL),
(299, 1, 2, 'How Children Succeed', 400, NULL, 'English', 'Paul Tough', NULL, 'Used - Good', NULL, 'Paperback', 1, NULL, NULL),
(300, 1, 2, 'Snow Crash', 400, NULL, 'English', 'Neal Stephenson', NULL, 'Used - Good', NULL, 'Paperback', 1, NULL, NULL),
(301, 1, 2, 'The Art of Possibility', 400, NULL, 'English', 'Rosamund Zander/Benjamin Zander', NULL, 'Used - Good', NULL, 'Paperback', 1, NULL, NULL),
(302, 1, 2, 'The Book of Virtues', 500, NULL, 'English', 'William Bennett', NULL, 'Used - Good', NULL, 'Paperback', 1, NULL, NULL),
(303, 1, 2, 'The Complete Winnie The Pooh', 500, NULL, 'English', 'A. A. Milne', NULL, 'Used - Good', NULL, 'Hardcover', 0, NULL, NULL),
(304, 1, 2, 'The Moral Compass', 500, NULL, 'English', 'William Bennett', NULL, 'Used - Good', NULL, 'Hardcover', 1, NULL, NULL),
(305, 1, 2, 'Why We Buy', 400, NULL, 'English', 'Paco Underhill', NULL, 'Used - Good', NULL, 'Paperback', 1, NULL, NULL),
(306, 1, 2, 'The Princeton Review College Essays 2nd ed', 400, NULL, 'English', 'The Princeton Review', NULL, 'Used - Good', NULL, 'Paperback', 0, NULL, NULL),
(307, 1, 2, 'The Princeton Review Law School Essays', 400, NULL, 'English', 'The Princeton Review', NULL, 'Used - Good', NULL, 'Paperback', 0, NULL, NULL),
(308, 1, 2, 'The Princeton Review Medical School Essays', 400, NULL, 'English', 'The Princeton Review', NULL, 'Used - Good', NULL, 'Paperback', 0, NULL, NULL),
(309, 1, 2, 'Leadership is an Art', 400, NULL, 'English', 'Max de Pree', NULL, 'Used - Good', NULL, 'Paperback', 1, NULL, NULL),
(310, 1, 2, 'A Memory of Light', 400, NULL, 'English', 'Robert Jordan', NULL, 'Used - Good', NULL, 'Hardcover', 1, NULL, NULL),
(311, 1, 10, 'Disney All-Time Favorite Classics', 500, NULL, 'English', 'Disney', NULL, 'Used - Good', NULL, 'Hardcover', 1, NULL, NULL),
(312, 1, 2, 'Autobiography of a Yogi', 400, NULL, 'English', 'Paramahansa Yogananda', NULL, 'Used - Good', NULL, 'Paperback', 1, NULL, NULL),
(313, 1, 2, 'Great Illustrated Classics The Swiss Family Robinson', 400, NULL, 'English', 'Johann Wyss', NULL, 'Used - Good', NULL, 'Paperback', 1, NULL, NULL),
(314, 1, 2, 'Grinding it Out', 450, NULL, 'English', 'Ray Kroc', NULL, 'Used - Good', NULL, 'Paperback', 1, NULL, NULL),
(315, 1, 2, 'Hackers and Painters', 500, NULL, 'English', 'Paul Graham', NULL, 'Used - Good', NULL, 'Hardcover', 1, NULL, NULL),
(316, 1, 10, 'Harry Potter and the Chamber of Secrets', 400, NULL, 'English', 'J. K. Rowling', NULL, 'Used - Good', NULL, 'Paperback', 1, NULL, NULL),
(317, 1, 10, 'Harry Potter and the Sorcerer''s Stone', 400, NULL, 'English', 'J. K. Rowling', NULL, 'Used - Good', NULL, 'Paperback', 1, NULL, NULL),
(318, 1, 2, 'McDonald''s Behind the Arches', 400, NULL, 'English', 'John Love', NULL, 'Used - Acceptable', NULL, 'Paperback', 1, NULL, NULL),
(319, 1, 10, 'The Chronicles of Narnia', 500, NULL, 'English', 'C. S. Lewis', NULL, 'Used - Good', NULL, 'Paperback', 1, NULL, NULL),
(320, 1, 10, 'The Silver Chair', 400, NULL, 'English', 'C. S. Lewis', NULL, 'Used - Good', NULL, 'Paperback', 1, NULL, NULL),
(321, 1, 10, 'The Lightning Thief', 400, NULL, 'English', 'Rick Riordan', NULL, 'Used - Good', NULL, 'Paperback', 1, NULL, NULL),
(322, 1, 2, 'Wizard''s First Rule', 400, NULL, 'English', 'Terry Goodkind', NULL, 'Used - Good', NULL, 'Paperback', 1, NULL, NULL),
(323, 1, 2, 'Zen in the Art of Archery', 400, NULL, 'English', 'Eugen Herrigel', NULL, 'Used - Good', '', 'Paperback', 1, NULL, NULL),
(324, 1, 2, 'The Pixar Touch', 400, NULL, 'English', 'David Price', NULL, 'Used - Good', NULL, 'Hardcover', 1, NULL, NULL),
(325, 1, 8, 'Gundam Fix: The Works of Katoki Hajime', 1200, NULL, 'English/Japanese', 'Katoki Hajime', NULL, 'New', NULL, 'Paperback', 0, NULL, NULL),
(326, 1, 8, 'Teenage Mutant Ninja Turtles 32 Cards and 8 Designs', 100, NULL, 'English', NULL, NULL, 'Used - Good', NULL, NULL, 2, NULL, NULL),
(327, 1, 8, 'Teenage Mutant Ninja Turtles 32 Cards and 35 Stickers', 100, NULL, 'English', NULL, NULL, 'Used - Good', NULL, NULL, 2, NULL, NULL),
(328, 1, 8, 'Teenage Mutant Ninja Turtles 32 Punch-Out Stand-up Cards', 100, NULL, 'English', NULL, NULL, 'Used - Good', NULL, NULL, 2, NULL, NULL),
(329, 1, 8, 'The Dark Eye Core Rules', 2543, NULL, 'English', 'Markus Plötz/Alex Spohr/Jens Ullrich', NULL, 'New', NULL, 'Hardcover', 0, NULL, NULL),
(330, 1, 10, 'Boy Tales of Childhood', 235, NULL, 'English', 'Roald Dahl', NULL, 'Used - Good', NULL, 'Paperback', 1, NULL, NULL),
(331, 1, 10, 'Charlie and the Great Glass Elevator', 235, NULL, 'English', 'Roald Dahl', NULL, 'Used - Good', NULL, 'Paperback', 1, NULL, NULL),
(332, 1, 10, 'Danny the Champion of the World', 235, NULL, 'English', 'Roald Dahl', NULL, 'Used - Good', NULL, 'Paperback', 1, NULL, NULL),
(333, 1, 10, 'Esio Trot', 235, NULL, 'English', 'Roald Dahl', NULL, 'Used - Good', NULL, 'Paperback', 1, NULL, NULL),
(334, 1, 10, 'Going Solo', 320, NULL, 'English', 'Roald Dahl', NULL, 'Used - Good', NULL, 'Paperback', 1, NULL, NULL),
(335, 1, 10, 'James and the Giant Peach', 400, NULL, 'English', 'Roald Dahl', NULL, 'Used - Good', NULL, 'Paperback', 1, NULL, NULL),
(336, 1, 10, 'The BFG', 235, NULL, 'English', 'Roald Dahl', NULL, 'Used - Good', NULL, 'Paperback', 1, NULL, NULL),
(337, 1, 10, 'The Magic Finger', 235, NULL, 'English', 'Roald Dahl', NULL, 'Used - Good', NULL, 'Paperback', 1, NULL, NULL),
(338, 1, 10, 'The Twits', 235, NULL, 'English', 'Roald Dahl', NULL, 'Used - Good', NULL, 'Paperback', 1, NULL, NULL),
(339, 1, 10, 'The Witches', 235, NULL, 'English', 'Roald Dahl', NULL, 'Used - Good', NULL, 'Paperback', 1, NULL, NULL),
(340, 1, 10, 'The Wonderful World of Dr Seuss set (1-20)', 560, NULL, 'English', 'Dr. Seuss', NULL, 'Used - Good', NULL, 'Paperback', 1, NULL, NULL),
(341, 1, 10, 'The World of Peter Rabbit set (1-23 complete)', 1060, NULL, 'English', 'Beatrix Potter', NULL, 'Used - Good', NULL, 'Paperback', 1, NULL, NULL),
(342, 1, 2, 'Super Mario', 1000, NULL, 'English', 'Jeff Ryan', NULL, 'Used - Good', NULL, 'Hardcover', 1, NULL, NULL),
(343, 4, 11, 'Presto Creams Peanut Butter Sandwich Cookies', 102, NULL, 'English', NULL, NULL, 'New', NULL, NULL, 99, NULL, NULL),
(344, 1, 8, 'Super Mario Series for Easy Piano (Music Sheet)', 1000, NULL, 'English', NULL, NULL, 'Used - Good', NULL, 'Paperback', 1, NULL, NULL),
(345, 1, 8, 'The Legend of Zelda Series for Easy Piano (Music Sheet)', 1000, NULL, 'English', NULL, NULL, 'Used - Good', NULL, 'Paperback', 1, NULL, NULL),
(346, 1, 2, 'Foundation and Earth', 300, NULL, 'English', 'Isaac Asimov', NULL, 'Used - Acceptable', NULL, 'Paperback', 1, NULL, NULL),
(347, 1, 2, 'Getting to Yes (2nd Ed)', 320, NULL, 'English', 'Roger Fisher, William Ury, Bruce Patton', NULL, 'Used - Acceptable', NULL, 'Paperback', 1, NULL, NULL),
(348, 1, 10, 'Sesame Street', 240, NULL, 'English', 'Sesame Workshop', NULL, 'Used - Very Good', NULL, 'Paperback', 1, NULL, NULL),
(350, 1, 2, 'the five people you meet in heaven', 300, NULL, 'English', 'Mitch Albom', NULL, 'Used - Acceptable', NULL, 'Paperback', 1, NULL, NULL),
(351, 1, 2, 'for one more day', 300, NULL, 'English', 'Mitch Albom', NULL, 'Used - Acceptable', NULL, 'Paperback', 1, NULL, NULL),
(352, 1, 2, 'Gathering Blue', 300, NULL, 'English', 'Lois Lowry', NULL, 'Used - Good', NULL, 'Paperback', 1, NULL, NULL),
(353, 1, 2, 'messenger', 300, NULL, 'English', 'Lois Lowry', NULL, 'Used - Good', NULL, 'Paperback', 1, NULL, NULL),
(354, 1, 2, 'The Giver', 300, NULL, 'English', 'Lois Lowry', NULL, 'Used - Good', NULL, 'Paperback', 1, NULL, NULL),
(355, 1, 2, 'Northern Lights', 350, NULL, 'English', 'Philip Pullman', NULL, 'Used - Good', NULL, 'Paperback', 1, NULL, NULL),
(356, 1, 2, 'The Amber Spyglass', 350, NULL, 'English', 'Philip Pullman', NULL, 'Used - Good', NULL, 'Paperback', 1, NULL, NULL),
(357, 1, 2, 'The Golden Compass', 350, NULL, 'English', 'Philip Pullman', NULL, 'Used - Good', NULL, 'Paperback', 1, NULL, NULL),
(358, 1, 2, 'The Subtle Knife', 350, NULL, 'English', 'Philip Pullman', NULL, 'Used - Good', NULL, 'Paperback', 1, NULL, NULL),
(359, 1, 8, 'hajimete no hisashiburi no otona no piano (Music Sheet)', 850, NULL, 'Japanese', NULL, NULL, 'New', NULL, 'Paperback', 1, NULL, NULL),
(360, 1, 8, 'Mr Children yasashii piano solo (Music Sheet)', 1175, NULL, 'Japanese', NULL, NULL, 'Used - Good', NULL, 'Paperback', 1, NULL, NULL),
(361, 1, 8, 'The Lord of the Rings Instrumental Solos (Music Sheet)', 200, NULL, 'English', NULL, NULL, 'Used - Good', NULL, 'Paperback', 1, NULL, NULL),
(362, 1, 7, 'fruits basket set (1-23 complete)', 1650, NULL, 'Japanese', NULL, NULL, 'New', NULL, 'Paperback', 1, NULL, NULL),
(363, 1, 7, 'fushigi yuugi set (1-18 complete)', 2120, NULL, 'Japanese', NULL, NULL, 'New', NULL, 'Paperback', 1, NULL, NULL),
(364, 1, 7, 'hanayori dango set (1-37 complete)', 2145, NULL, 'Japanese', NULL, NULL, 'New', NULL, 'Paperback', 1, NULL, NULL);
INSERT INTO `product` (`product_id`, `merchant_id`, `product_type_id`, `name`, `price`, `previous_price`, `language`, `author`, `supplier`, `description`, `image_location`, `format`, `quantity_in_stock`, `translator`, `pages`) VALUES
(365, 1, 6, 'kaze no tani no naushika comic set (1-7 complete)', 1330, NULL, 'English', 'Hayao Miyazaki', NULL, 'New', NULL, 'Paperback', 2, NULL, NULL),
(366, 1, 2, 'Zen and Japanese Culture', 500, NULL, 'English', 'D. T. Suzuki', NULL, 'Used - Good', NULL, 'Paperback', 1, NULL, NULL),
(367, 1, 2, 'Host Family Survival Kit (2nd Ed)', 300, NULL, 'English', 'Nancy King/Ken Huff', NULL, 'Used - Very Good', NULL, 'Paperback', 1, NULL, NULL),
(368, 1, 2, 'I and Thou', 300, NULL, 'English', 'Martin Buber', NULL, 'Used - Very Good', NULL, 'Paperback', 1, NULL, NULL),
(369, 1, 10, 'The Last Olympian', 350, NULL, 'English', 'Rick Riordan', NULL, 'Used - Good', NULL, 'Paperback', 1, NULL, NULL),
(370, 1, 2, 'Carrying the Fire', 315, NULL, 'English', 'Michael Collins', NULL, 'Used - Good', NULL, 'Paperback', 1, NULL, NULL),
(371, 1, 2, 'Star Trek Memories', 400, NULL, 'English', 'William Shatner/Chris Kreski', NULL, 'Used - Good', NULL, 'Paperback', 1, NULL, NULL),
(372, 1, 2, 'Emotional Intelligence', 320, NULL, 'English', 'Daniel Goleman', NULL, 'Used - Acceptable', NULL, 'Paperback', 1, NULL, NULL),
(373, 1, 2, 'Leap of Faith', 280, NULL, 'English', 'Gordon Cooper/Bruce Henderson', NULL, 'Used - Good', NULL, 'Paperback', 1, NULL, NULL),
(374, 1, 2, 'First Man The Life of Neil A Armstrong', 285, NULL, 'English', 'James Hansen', NULL, 'Used - Good', NULL, 'Paperback', 1, NULL, NULL),
(375, 1, 2, 'Crime and Punishment (Unabridged)', 300, NULL, 'English', 'Fyodor Dostoyevsky', NULL, 'Used - Acceptable', NULL, 'Paperback', 0, NULL, NULL),
(376, 1, 2, 'Dirk Gently''s Holistic Detective Agency and The Long Dark Tea-time of the Soul', 320, NULL, 'English', 'Douglas Adams', NULL, 'Used - Acceptable', NULL, 'Hardcover', 1, NULL, NULL),
(377, 1, 2, 'Moonwalking with Einstein', 450, NULL, 'English', 'Joshua Foer', NULL, 'New', NULL, 'Harcover', 1, NULL, NULL),
(378, 1, 2, 'The Millionaire Mind', 450, NULL, 'English', 'Thomas Stanley, Ph.D.', NULL, 'Used - Good', NULL, 'Paperback', 1, NULL, NULL),
(379, 1, 2, 'True at First Light', 320, NULL, 'English', 'Ernest Hemingway', NULL, 'Used - Acceptable', NULL, 'Paperback', 1, NULL, NULL),
(380, 1, 2, 'A Farewell to Arms', 320, NULL, 'English', 'Ernest Hemingway', NULL, 'Used - Acceptable', NULL, 'Paperback', 1, NULL, NULL),
(381, 1, 2, 'Baksheesh and Brahman', 50, NULL, 'English', 'Joseph Campbell', NULL, 'Used - Good', NULL, 'Hardcover', 1, NULL, NULL),
(382, 1, 10, 'Bridge to Terabithia', 300, NULL, 'English', 'Katherine Paterson', NULL, 'Used - Acceptable', NULL, 'Paperback', 1, NULL, NULL),
(383, 1, 2, 'For Whom The Bell Tolls', 320, NULL, 'English', 'Ernest Hemingway', NULL, 'Used - Acceptable', NULL, 'Paperback', 1, NULL, NULL),
(384, 1, 2, 'Six Easy Pieces', 320, NULL, 'English', 'Richard Feynman', NULL, 'Used - Acceptable', NULL, 'Paperback', 1, NULL, NULL),
(385, 1, 2, 'The Tale of Genji', 400, NULL, 'English', 'Murasaki Shikibu', NULL, 'Used - Acceptable', NULL, 'Paperback', 1, NULL, NULL),
(386, 1, 2, 'Walden', 320, NULL, 'English', 'Henry David Thoreau', NULL, 'Used - Acceptable', NULL, 'Paperback', 1, NULL, NULL),
(387, 1, 2, 'A World of Ideas', 320, NULL, 'English', 'Bill Moyers, et al.', NULL, 'Used - Acceptable', NULL, 'Paperback', 1, NULL, NULL),
(388, 1, 2, 'Now and Forever', 320, NULL, 'English', 'Ray Bradbury', NULL, 'Used - Good', NULL, 'Paperback', 1, NULL, NULL),
(389, 1, 2, 'The Martian Chronicles', 320, NULL, 'English', 'Ray Bradbury', NULL, 'Used - Good', NULL, 'Paperback', 1, NULL, NULL),
(390, 1, 2, 'Rendezvous with Rama', 320, NULL, 'English', 'Arthur Clarke', NULL, 'Used - Good', NULL, 'Paperback', 1, NULL, NULL),
(391, 1, 8, 'Polaris The Roleplaying Game', 3270, NULL, 'English', 'Tessier, Philippe', NULL, 'New', NULL, 'Hardcover', 1, NULL, NULL),
(392, 1, 8, 'Paranoia', 4312, NULL, 'English', 'Mangoose Publishing', NULL, 'New', NULL, 'Paperback', 1, NULL, NULL),
(393, 1, 2, 'Teach Yourself Brain Training for Babies', 250, NULL, 'English', 'Fergus Lowe/Brigid Lowe', NULL, 'Used - Good', NULL, 'Paperback', 1, NULL, NULL),
(394, 1, 2, 'Teach Yourself Raise a Confident Child', 250, NULL, 'English', 'Hilary Pereira', NULL, 'Used - Good', NULL, 'Paperback', 1, NULL, NULL),
(395, 1, 2, 'Teach Yourself Successful Breastfeeding', 250, NULL, 'English', 'Pauline Lim', NULL, 'Used - Good', NULL, 'Paperback', 1, NULL, NULL),
(396, 1, 2, 'Teach Yourself Understand Eastern Philosophy', 250, NULL, 'English', 'Mel Thompson', NULL, 'Used - Acceptable', NULL, 'Paperback', 1, NULL, NULL),
(397, 1, 2, 'Teach Yourself Your Baby''s Development', 250, NULL, 'English', 'Caroline Deacon', NULL, 'Used - Acceptable', NULL, 'Paperback', 1, NULL, NULL),
(398, 1, 2, 'The Innovator''s Dilemma', 250, NULL, 'English', 'Clayton Christensen', NULL, 'Used - Acceptable', NULL, 'Paperback', 1, NULL, NULL),
(399, 1, 6, 'Expeditions Comics', 599, NULL, 'English', 'Rhea Llamas, et al.', NULL, 'Used - Good', NULL, 'Paperback', 0, NULL, NULL),
(400, 1, 2, 'Expeditions Prose', 499, NULL, 'English', 'Rhea Llamas, et al.', NULL, 'Used - Good', NULL, 'Paperback', 0, NULL, NULL),
(401, 1, 2, 'Preparation for the SAT (11th ed)', 250, NULL, 'English', 'Edward Deptula, MA, et al.', NULL, 'Used - Acceptable', NULL, 'Paperback', 0, NULL, NULL),
(402, 1, 8, 'Chinese Classic Cartoons (7plus1 films)', 2800, NULL, 'English/Mandarin (Traditional)', NULL, NULL, 'Used - Good', NULL, NULL, 0, NULL, NULL),
(403, 1, 8, 'Disney Hits Easy Piano (Music Sheet)', 500, NULL, 'English', NULL, NULL, 'Used - Acceptable', NULL, 'Paperback', 0, NULL, NULL),
(404, 1, 9, 'Hangeul Wikang korean Prime Korean', 280, NULL, 'English/Korean', 'Johnson Park', NULL, 'Used - Acceptable', NULL, 'Paperback', 0, NULL, NULL),
(405, 1, 10, 'Journey to the West (xiyouji)', 420, NULL, 'Mandarin (Traditional)', 'wu cheng en, et al.', NULL, 'Used - Good', NULL, 'Paperback', 0, NULL, NULL),
(406, 1, 10, 'Water Margin (shuihuzhuan)', 420, NULL, 'Mandarin (Traditional)', 'shi nai an, et al.', NULL, 'New', NULL, 'Paperback', 0, NULL, NULL),
(407, 1, 2, 'The Analects of Confucius', 180, NULL, 'English/Mandarin (Simplified)', 'Yuan Fang Publishing', NULL, 'Used - Good', NULL, 'Paperback', 0, NULL, NULL),
(408, 1, 9, 'Select Essays for Recitation', 420, NULL, 'English/Mandarin (Traditional)', 'yi xiong ge yue, et al.', NULL, 'Used - Acceptable', NULL, 'Paperback', 0, NULL, NULL),
(409, 1, 9, '2008-2010 English Reading', 450, NULL, 'English/Mandarin (Traditional)', 'nie qun, et al.', NULL, 'Used - Acceptable', NULL, 'Paperback', 0, NULL, NULL),
(410, 1, 8, 'Out of Your Mind Essential Listening from the Alan Watts Audio Archives', 3900, NULL, 'English', 'Alan Watts, et al.', NULL, 'Used - Good', NULL, NULL, 0, NULL, NULL),
(411, 1, 2, 'El mapa para alcanzar el exito', 280, NULL, 'Spanish', 'John Maxwell', NULL, 'Used - Acceptable', NULL, 'Paperback', 0, NULL, NULL),
(412, 1, 2, 'Kendo The Definitive Guide', 2540, NULL, 'English', 'Hiroshi Ozawa', NULL, 'Used - Good', NULL, 'Hardcover', 0, NULL, NULL),
(413, 1, 2, 'The Book of Five Rings', 300, NULL, 'English', 'Miyamoto Musashi, et al.', NULL, 'Used - Acceptable', NULL, 'Paperback', 0, NULL, NULL),
(414, 4, 11, 'Hansel Milk Sandwich Cream-Filled Biscuits', 121, NULL, 'English', NULL, NULL, 'New', NULL, NULL, 99, NULL, NULL),
(415, 1, 9, 'Keeping up with your Chinese Filipino (Mandarin, Hokkien, Filipino, English)', 320, NULL, 'Filipino/Mandarin/Hokkien/English', 'Johnny Young', NULL, 'Used - Acceptable', NULL, 'Paperback', 0, NULL, NULL),
(416, 1, 9, 'Cortina Method Conversational German in 20 Lessons', 350, NULL, 'English/German', 'Eva Lange, Ph.D.', NULL, 'Used - Good', NULL, 'Paperback', 0, NULL, NULL),
(417, 1, 9, 'Say It in French New Edition', 320, NULL, 'English/French', 'Jennifer Wagner', NULL, 'Used - Acceptable', NULL, 'Paperback', 0, NULL, NULL),
(418, 1, 2, 'Doctor to the Barrios', 300, NULL, 'English', 'Juan Flavier', NULL, 'Used - Acceptable', NULL, 'Paperback', 1, NULL, NULL),
(419, 1, 2, 'My Friends in the Barrios', 335, NULL, 'English', 'Juan Flavier', NULL, 'Used - Good', NULL, 'Paperback', 1, NULL, NULL),
(420, 1, 2, 'Parables of the Barrio Vol 1, Nos 1-50', 220, NULL, 'English', 'Juan Flavier', NULL, 'New', NULL, 'Paperback', 1, NULL, NULL),
(421, 1, 2, 'Back to the Barrios', 220, NULL, 'English', 'Juan Flavier', NULL, 'New', NULL, 'Paperback', 1, NULL, NULL),
(422, 1, 2, 'The Doctor and the Soul', 320, NULL, 'English', 'Viktor Frankl, M.D.', NULL, 'Used - Acceptable', NULL, 'Paperback', 1, NULL, NULL),
(423, 1, 9, 'Berlitz Chinese for Travellers', 320, NULL, 'English', 'Editions Berlitz', NULL, 'Used - Good', NULL, 'Paperback', 0, NULL, NULL),
(424, 1, 9, 'Everyday English Mandarin Chinese and Malay Conversations', 400, NULL, 'English', 'F.Y. Fong/Haji Muhd. Arif bin Ahmad', NULL, 'Used - Good', NULL, 'Paperback', 1, NULL, NULL),
(425, 1, 9, 'Making Out in Chinese (Revised Edition)', 420, NULL, 'English/Mandarin (Simplified)', 'Ray Daniels, et al.', NULL, 'Used - Very Good', NULL, 'Paperback', 0, NULL, NULL),
(426, 1, 9, 'Making Out in Korean (Revised Edition)', 420, NULL, 'English/Korean', 'Peter Constantine, et al.', NULL, 'Used - Very Good', NULL, 'Paperback', 0, NULL, NULL),
(427, 1, 2, 'The Beatles', 350, NULL, 'English', 'Bob Spitz', NULL, 'Used - Good', NULL, 'Paperback', 1, NULL, NULL),
(428, 5, 13, 'Cane Aluminum (Local Adjustable)', 720, NULL, 'English', NULL, NULL, 'New', NULL, NULL, 99, NULL, NULL),
(429, 5, 13, 'Cane Aluminum (Local Non-adjustable)', 720, NULL, 'English', NULL, NULL, 'New', NULL, NULL, 99, NULL, NULL),
(430, 5, 13, 'Crutches Wood (Small)', 600, NULL, 'English', NULL, NULL, 'New', NULL, NULL, 99, NULL, NULL),
(431, 5, 13, 'Crutches Wood (Medium)', 700, NULL, 'English', NULL, NULL, 'New', NULL, NULL, 99, NULL, NULL),
(432, 5, 13, 'Crutches Wood (Large)', 700, NULL, 'English', NULL, NULL, 'New', NULL, NULL, 99, NULL, NULL),
(433, 5, 13, 'Crutches Wood (Standard)', 600, NULL, 'English', NULL, NULL, 'New', NULL, NULL, 99, NULL, NULL),
(434, 5, 13, 'Crutches Wood (Xtra-Large)', 700, NULL, 'English', NULL, NULL, 'New', NULL, NULL, 99, NULL, NULL),
(435, 5, 13, 'Quad Cane (Standard)', 1170, NULL, 'English', NULL, NULL, 'New', NULL, NULL, 99, NULL, NULL),
(436, 5, 13, 'Walker', 1870, NULL, 'English', NULL, NULL, 'New', NULL, NULL, 99, NULL, NULL),
(437, 5, 13, 'Calf Support (Small)', 420, NULL, 'English', NULL, NULL, 'New', NULL, NULL, 99, NULL, NULL),
(438, 5, 13, 'Calf Support (Medium)', 420, NULL, 'English', NULL, NULL, 'New', NULL, NULL, 99, NULL, NULL),
(439, 5, 13, 'Calf Support (Large)', 420, NULL, 'English', NULL, NULL, 'New', NULL, NULL, 99, NULL, NULL),
(440, 5, 13, 'Calf Support (Xtra-Large)', 420, NULL, 'English', NULL, NULL, 'New', NULL, NULL, 99, NULL, NULL),
(441, 5, 13, 'Prime Cast (2 inches)', 400, NULL, 'English', NULL, NULL, 'New', NULL, NULL, 99, NULL, NULL),
(442, 5, 13, 'Prime Cast (3 inches)', 450, NULL, 'English', NULL, NULL, 'New', NULL, NULL, 99, NULL, NULL),
(443, 5, 13, 'Prime Cast (4 inches)', 500, NULL, 'English', NULL, NULL, 'New', NULL, NULL, 99, NULL, NULL),
(444, 5, 13, 'Prime Cast (5 inches)', 500, NULL, 'English', NULL, NULL, 'New', NULL, NULL, 99, NULL, NULL),
(445, 6, 8, 'Hubsan H107P X4 Plus', 3350, NULL, NULL, NULL, NULL, 'New', NULL, NULL, 0, NULL, NULL),
(446, 6, 8, 'Hubsan H122D X4 Racing Drone', 7488, NULL, 'English', NULL, NULL, 'New', NULL, NULL, 8, NULL, NULL),
(447, 6, 8, 'Hubsan H501S X4 RC Quadcopter Body Shell', 1000, NULL, NULL, NULL, NULL, 'New', NULL, NULL, 3, NULL, NULL),
(448, 6, 8, 'Hubsan H502C X4 Star Cam Beginner Quadcopter', 5200, NULL, NULL, NULL, NULL, 'New', NULL, NULL, 0, NULL, NULL),
(449, 5, 13, 'Knee Support (Small)', 350, NULL, NULL, NULL, NULL, 'New', NULL, NULL, 99, NULL, NULL),
(450, 5, 13, 'Knee Support (Medium)', 350, NULL, NULL, NULL, NULL, 'New', NULL, NULL, 99, NULL, NULL),
(451, 5, 13, 'Knee Support (Large)', 400, NULL, NULL, NULL, NULL, 'New', NULL, NULL, 99, NULL, NULL),
(452, 5, 13, 'Knee Support (Xtra-Large)', 400, NULL, NULL, NULL, NULL, 'New', NULL, NULL, 99, NULL, NULL),
(453, 5, 13, 'Clavicular Splint (XX-Small)', 525, NULL, NULL, NULL, NULL, 'New', NULL, NULL, 99, NULL, NULL),
(454, 5, 13, 'Clavicular Splint (Small-Infant)', 525, NULL, NULL, NULL, NULL, 'New', NULL, NULL, 99, NULL, NULL),
(455, 5, 13, 'Clavicular Splint (Small-Child)', 525, NULL, NULL, NULL, NULL, 'New', NULL, NULL, 99, NULL, NULL),
(456, 5, 13, 'Clavicular Splint (Medium)', 600, NULL, NULL, NULL, NULL, 'New', NULL, NULL, 99, NULL, NULL),
(457, 5, 13, 'Clavicular Splint (Large)', 600, NULL, NULL, NULL, NULL, 'New', NULL, NULL, 99, NULL, NULL),
(458, 5, 13, 'Hot and Cold Pack (HMP 91 Standard)', 1000, NULL, NULL, NULL, NULL, 'New', NULL, NULL, 99, NULL, NULL),
(459, 5, 13, 'Hot and Cold Pack (HMP 92 Cervical)', 1000, NULL, NULL, NULL, NULL, 'New', NULL, NULL, 99, NULL, NULL),
(460, 5, 13, 'Hot and Cold Pack (HMP 93 Spinal)', 1150, NULL, NULL, NULL, NULL, 'New', NULL, NULL, 99, NULL, NULL),
(461, 5, 13, 'Hot and Cold Pack (HMP 94 Half)', 650, NULL, NULL, NULL, NULL, 'New', NULL, NULL, 99, NULL, NULL),
(462, 1, 9, 'What is Lean Six Sigma', 150, NULL, 'English', 'Mike George/Dave Rowlands/Bill Kastle', NULL, 'Used - Good', NULL, 'Paperback', 99, NULL, NULL),
(463, 1, 9, 'Juran Institute''s Six Sigma Breakthrough and Beyond', 215, NULL, 'English', 'Joseph De Feo/William Barnard', NULL, 'Used - Very Good', NULL, 'Hardcover', 99, NULL, NULL),
(464, 1, 9, 'Cultural Misunderstandings The French-American Experience', 195, NULL, 'English/French', 'Raymonde Carroll', NULL, 'Used - Very Good', NULL, 'Paperback', 99, 'Carol Volk', NULL),
(465, 1, 9, 'East Asian Region Confucian Heritage and Its Modern Adaptation', 225, NULL, 'English', 'Gilbert Rozman (Ed)', NULL, 'Used - Very Good', NULL, 'Paperback', 99, NULL, NULL),
(466, 1, 2, 'The Deming Management Method', 225, NULL, 'English', 'Mary Walton', NULL, 'Used - Very Good', NULL, 'Paperback', 99, NULL, NULL),
(467, 1, 9, 'Process Consultation Volume II', 275, NULL, 'English', 'Edgar Schein', NULL, 'New', NULL, 'Paperback', 99, NULL, NULL),
(468, 1, 9, 'Portuguese Verbs and Essentials of Grammar', 160, NULL, 'English/Portuguese', 'Sue Tyson-Ward', NULL, 'Used - Very Good', NULL, 'Paperback', 1, NULL, NULL),
(469, 1, 2, 'Bart Simpson''s Guide to Life', 190, NULL, 'English', 'Matt Groening', NULL, 'Used - Very Good', NULL, 'Hardcover', 1, NULL, NULL),
(470, 1, 9, 'Malaysia, Singapore and Brunei', 130, NULL, 'English', 'Simon Richard, et al.', NULL, 'New', NULL, 'Paperback', 1, NULL, NULL),
(471, 1, 9, 'The Human Side of Managing Technological Innovation', 325, NULL, 'English', 'Ralph Katz (Ed)', NULL, 'Used - Good', NULL, 'Paperback', 1, NULL, NULL),
(472, 1, 2, 'ABNKKBSNPLAKO', 170, NULL, 'Filipino', 'Bob Ong', NULL, 'Used - Good', NULL, 'Paperback', 1, NULL, NULL),
(473, 1, 2, 'Alamat ng Gubat', 170, NULL, 'Filipino', 'Bob Ong', NULL, 'Used - Good', NULL, 'Paperback', 1, NULL, NULL),
(474, 1, 2, 'Ang Paboritong Libro ni Hudas', 170, NULL, 'Filipino', 'Bob Ong', NULL, 'Used - Good', NULL, 'Paperback', 1, NULL, NULL),
(475, 1, 2, 'Manila Noir', 295, NULL, 'English', 'Jessica Hagedorn', NULL, 'Used - Acceptable', NULL, 'Paperback', 1, NULL, NULL),
(476, 1, 2, 'stainless longganisa', 170, NULL, 'Filipino', 'Bob Ong', NULL, 'Used - Good', NULL, 'Paperback', 1, NULL, NULL),
(477, 1, 2, 'Secrets of Happy Relationships', 225, NULL, 'English', 'Jenny Hare', NULL, 'Used - Good', NULL, 'Paperback', 0, NULL, NULL),
(478, 1, 2, 'The Material Child', 225, NULL, 'English', 'Merry White', NULL, 'Used - Good', NULL, 'Paperback', 1, NULL, NULL),
(479, 1, 2, 'Adventures of a Bystander', 300, NULL, 'English', 'Peter Drucker', NULL, 'Used - Very Good', NULL, 'Hardcover', 1, NULL, NULL),
(480, 1, 2, 'Macarthur', 170, NULL, 'Filipino', 'Bob Ong', NULL, 'Used - Good', NULL, 'Paperback', 1, NULL, NULL),
(481, 4, 11, 'Sinandomeng Rice (5kg)', 270, NULL, NULL, NULL, NULL, 'New', NULL, NULL, 1, NULL, NULL),
(482, 4, 11, 'Sinandomeng Rice (10kg)', 470, NULL, NULL, NULL, NULL, 'New', NULL, NULL, 1, NULL, NULL),
(483, 1, 2, 'Further Along The Road Less Traveled', 220, NULL, 'English', 'M. Scott Peck, M.D.', NULL, 'Used - Good', NULL, 'Paperback', 1, NULL, NULL),
(484, 1, 2, 'A World Waiting To Be Born', 220, NULL, 'English', 'M. Scott Peck', NULL, 'Used - Good', NULL, 'Paperback', 1, NULL, NULL),
(485, 1, 9, 'Information Technology Project Management', 745, NULL, 'English', 'Kathy Schwalbe', NULL, 'Used - Acceptable', NULL, 'Paperback', 1, NULL, NULL);



CREATE TABLE product_type (
  product_type_id INTEGER PRIMARY KEY,
  product_type_name TEXT
); 

INSERT INTO product_type (product_type_id, product_type_name) VALUES
(1, 'All'),
(2, 'Books'),
(3, 'Beverages'),
(4, 'Books/Beverages'),
(5, 'Promos'),
(6, 'Comics'),
(7, 'Manga'),
(8, 'Toys & Collectibles'),
(9, 'Textbooks'),
(10, 'Children''s'),
(11, 'Food'),
(12, 'Miscellaneous'),
(13, 'Medical');

COMMIT;