
BEGIN;
CREATE TABLE fields (
  fields_id INTEGER PRIMARY KEY,
  fields_name TEXT,
  product_type_id INTEGER
); 

INSERT INTO fields (fields_id, fields_name, product_type_id) VALUES
(1, 'name', 1),
(2, 'price', 1),
(3, 'supplier', 1),
(4, 'description', 1),
(5, 'image_location', 1),
(6, 'author', 2),
(7, 'language', 2);

CREATE TABLE merchant (
  merchant_id INTEGER PRIMARY KEY,
  merchant_name TEXT,
  merchant_motto TEXT,
  merchant_motto_font_color TEXT
); 

INSERT INTO merchant (merchant_id, merchant_name, merchant_motto, merchant_motto_font_color) VALUES
(1, 'Usbong Specialty Bookstore', 'Uplifting Human Lives', '#6f5630'),
(2, 'RetroCC', 'Keep Reading.<br>Keep Collecting.', '#FFFFFF'),
(3, 'Adarna House, Inc', 'Una sa Filipino', '#4f4c41'),
(4, 'Usbong Mart', 'Uplifting Human Lives', '#6f5630'),
(5, 'Marikina Orthopedic Specialty Clinic', 'Marikina Orthopedic Specialty Clinic', '#4f4c41'),
(6, 'Pinoydrones', 'We don''t just sell drones, We sell an experience.', '#FFFFFF');


CREATE TABLE product (
  product_id INTEGER PRIMARY KEY,
  merchant_id INTEGER,
  product_type_id INTEGER,
  name TEXT,
  price INTEGER,
  previous_price INTEGER,
  language TEXT,
  author TEXT,
  supplier TEXT,
  description TEXT,
  image_location TEXT,
  format TEXT,
  quantity_in_stock INTEGER,
  translator TEXT,
  product_overview TEXT,
  pages INTEGER,
  product_view_num INTEGER,
  quantity_sold INTEGER,
  external_url TEXT,
  show INTEGER,
  publisher TEXT,
  released_date TEXT,
  is_essential_reading INTEGER
); 

INSERT INTO product (product_id, merchant_id, product_type_id, name, price, previous_price, language, author, supplier, description, image_location, format, quantity_in_stock, translator, product_overview, pages, product_view_num, quantity_sold, external_url, show, publisher, released_date, is_essential_reading) VALUES
(1, 1, 2, 'The Remains of the Day', 400, NULL, 'English', 'Kazuo Ishiguro', NULL, 'Used - Acceptable', NULL, 'Hardcover', 1, '', 'The novelist, Kazuo Ishiguro, has said, ''''A novel may not give us facts that are true, [but] what it tells us about experience, the emotion that it conveys, is something that we recognize as true. And sometimes, very important emotions, feelings are conveyed in a novel that cannot be conveyed in more factual stories, or in factual books. I think most importantly, perhaps, a key to it, I think, a novel can tell us how it feels to be in a certain situation. A work of history or journalism can tell us that some people starved in a particular time and place. But, perhaps, it cannot convey the pain of starving, or losing someone close to you or your child to starvation... We need someone to tell us how it felt... Is it true that it feels like that to be in that situation, or is this not true? I think we still have to ask that question. But I think that''s why we turn to stories, because we feel there''s something missing in just the factual account.''''', NULL, 42, 0, NULL, 1, NULL, NULL, 0),
(2, 1, 2, 'The Daydreamer', 400, NULL, 'English', 'Ian McEwan', NULL, 'Used - Acceptable', NULL, 'Paperback', 1, '', 'While we know ''''Google'''' as the search engine giant, Peter, the protagonist in this book, discovered ''''Googol'''', which is pronounced somewhat similarly, while thinking about the largest number in the world. A ''''Googol'''' is ten multiplied by ten a hundred times. Moreover, ''''Googolplex'''' is ten multiplied by ten a googol number of times! But what I really remember about this book is the story about how Peter became friends with the school bully by realizing that he and his classmates only dreamed him up to be strong and powerful, because in reality, he is a nice, ordinary little boy just like any of them.', NULL, 24, 0, NULL, 1, NULL, NULL, 0),
(3, 1, 2, 'Myths to Live By', 400, NULL, 'English', 'Joseph Campbell', NULL, 'Used - Acceptable', NULL, 'Paperback', 1, '', 'Here is a quotation from the book, which you are free to agree or disagree. ''''All societies are evil, sorrowful, inequitable； and so they will always be. So if you really want to help this world, what you will have to teach is how to live in it. And that no one can do who has not himself learned how to live in it in the joyful sorrow and sorrowful joy of the knowledge of life as it is.''''', NULL, 26, 0, NULL, 1, NULL, NULL, 0),
(4, 1, 2, 'The Seasons of a Man''s Life', 500, NULL, 'English', 'Daniel Levinson et al.', NULL, 'Used - Acceptable', NULL, 'Paperback', 1, '', 'This book provides a more or less general picture of the so-called ''''seasons'''' of a man''s life. It shows examples of various men who set out to realize their dream or ideal life, only to discover later in life that they must confront and eventually accept the reality that they may not be able to actually fulfill that initial dream. One example that I can remember is the academic who wanted to receive recognition for his work by receiving the Nobel prize, but to his great disappointment was beaten to it by a rival group. He later found solace in providing mentorship to the younger generation of scientists in his field.', NULL, 35, 0, NULL, 1, NULL, NULL, 0),
(5, 1, 2, 'The Last Lecture', 400, NULL, 'English', 'Randy Pausch et al.', NULL, 'Used - Acceptable', NULL, 'Paperback', 1, '', 'While the ''''Last Lecture'''' doesn''t necessarily mean that it''s a professor''s last lecture, and is simply a way for senior professors at Carnegie Mellon University to share wisdom to younger students and faculty, for Randy Pausch, it really was somewhat of a last lecture, because he was already grappling with pancreatic cancer and his chance of survival was low. This book offers his insights about living.', NULL, 23, 0, NULL, 1, NULL, NULL, 0),
(6, 1, 2, 'The Innovators', 600, NULL, 'English', 'Walter Isaacson', NULL, 'Used - Very Good', NULL, 'Paperback', 1, '', 'This book chronicles the many people who contributed to the development of an important tool that is the computer and the many innovations that went with it. It was interesting for me to discover glimpses of inventors as humans, working together to build things that would amplify even further their capabilities and shape the world forever. ', NULL, 38, 0, NULL, 1, NULL, NULL, 0),
(7, 1, 2, 'Steve Jobs', 500, NULL, 'English', 'Walter Isaacson', NULL, 'Used - Acceptable', NULL, 'Paperback', 1, '', 'This book offers glimpses of Steve Jobs'' life as a human person, warts and all. I particularly liked discovering that despite the wealth that he was able to accumulate in his life, he decided that he didn''t want to change his simple, yet efficient lifestyle, only for the sake of being able to live the rich life that is glamorized by media. <br><br> p.s. I like the iPAD + pencil combo.', NULL, 26, 0, NULL, 1, NULL, NULL, 0),
(8, 1, 9, 'Tokyo University''s English', 1000, NULL, 'Japanese/English', 'Masafumi Satou', NULL, 'Used - Acceptable', NULL, 'Paperback', 0, '', 'While this book is intended for Japanese students who''ll be taking the Tokyo University entrance exam, it can be used by Japanese language learners as well. The sample readings are in English, while the translation and explanations are in Japanese. The articles are also quite interesting. I particularly remember the one about how our hopes and fears are ''''often illusions promising to change our way of life, but leaving us exactly as we were before.''''', NULL, 48, 0, NULL, 1, NULL, NULL, 0),
(9, 1, 2, 'Siddhartha', 300, NULL, 'English', 'Hermann Hesse', NULL, 'Used - Very Good', NULL, 'Paperback', 1, '', 'This story relates the transitions a person undertook to achieve the state of everlasting peace. He first lived the life of a scholar, and then became an ascetic, and then a merchant, and then a boatman. I found it particularly interesting to learn how an ascetic could become a merchant. As it turns out, having the ability to read and write, as well as the patience to wait and fast, instead of having to seek any kind of work due to being driven by hunger, proved useful to this transition. Another key idea that I got from the book is that there are things that cannot be taught in words, but must truly be experienced for another person to understand.', NULL, 44, 0, NULL, 1, NULL, NULL, 1),
(10, 1, 2, 'The Montessori Method', 400, NULL, 'English', 'Maria Montessori', NULL, 'Used - Acceptable', NULL, 'Paperback', 1, '', 'The first dawn of real discipline comes through action. When a child has learned to respond naturally through action that is aimed towards an objective, that is, action that is no longer erratic, he is no more the child that he was at first, but an individual. When, further, he has freed himself from being dependent on others due to his own inferiority, he has overcome himself and the limits of his age, and has made a great step forward by conquering his future while in the present.', NULL, 39, 0, NULL, 1, NULL, NULL, 1),
(11, 1, 2, 'The Soul of a New Machine', 400, NULL, 'English', 'Tracy Kidder', NULL, 'Used - Acceptable', NULL, 'Hardcover', 1, '', 'What is the soul of a new machine? It is the collective soul etched in silicon and microcode of a team of dedicated engineers who brought the machine to life. In the end, ''''It''s just a computer. It''s really a small thing in the world, you know.''''', NULL, 37, 0, NULL, 1, NULL, NULL, 0),
(12, 1, 2, 'Outliers: The Story of Success', 400, NULL, 'English', 'Malcolm Gladwell', NULL, 'Used - Acceptable', NULL, 'Hardcover', 1, '', 'There are two things that make rice farming meaningful. First, there is a clear relationship between effort and reward, in that the harder you work a rice field, the more it yields. Second, its complexity is akin to running a small business that is composed of a family workforce, who must hedge uncertainty through seed selection, building and managing a sophisticated irrigation system, and at the same time coordinating the complicated process of crop harvesting and crop preparation.', NULL, 28, 0, NULL, 1, NULL, NULL, 0),
(13, 1, 2, 'Guns, Germs, and Steel', 500, NULL, 'English', 'Jared Diamond', NULL, 'Used - Acceptable', NULL, 'Paperback', 1, NULL, '<p>Where do innovations actually come from? As it turns out, much technology is not invented solely locally and is not done by a lone individual. Instead, it is borrowed from other societies and from other inventors who''ve gone before. The spread of useful invention depends on whether a society that learns about it is receptive to it and adopts it. Societies lacking the invention often find themselves at a disadvantage in relation to the receptive society, even becoming overwhelmed and replaced if the disadvantage is sufficiently great.</p><p>技术革新是从哪里来的？ 原来，许多技术不是国内独立发明的，也不是一个人做的。反而，是从别的社会与上一代的发明家借的。推广有用的发明在于观察社会是否接受，採用它。缺发明的社会常对接受社会不利，而若太差，被压倒也替换。</p>', NULL, 34, 0, NULL, 1, '', '', 1),
(14, 1, 2, 'The Tao of Pooh', 300, NULL, 'English', 'Benjamin Hoff', NULL, 'Used - Acceptable', NULL, 'Paperback', 1, '', 'To Laozi, the universe was not a setter of traps, but a teacher of valuable lessons. While it would be arrogant to attempt to adequately put how the universe operates into words, its nature could be understood. And the natural result of being able to appreciate, learn from, and work with whatever happens in everyday life is happiness.', NULL, 35, 0, NULL, 1, NULL, NULL, 1),
(15, 1, 2, 'The Different Drum', 400, NULL, 'English', 'M. Scott Peck, M.D.', NULL, 'Used - Acceptable', NULL, 'Paperback', 1, '', 'The reality of human nature is that we are all profoundly different. This is due to our capacity to be molded by culture and experience in extremely variable ways. At the same time, it is this same capacity that opens the way for all of us to *transformation*, which paradoxically, is both the basic cause of war and the basic cure for war.', NULL, 49, 0, NULL, 1, NULL, NULL, 1),
(16, 1, 2, 'The Lives of a Cell', 300, NULL, 'English', 'Lewis Thomas', NULL, 'Used - Acceptable', NULL, 'Paperback', 1, '', 'The sky is a miraculous achievement. It is, after all, far and away the grandest product of collaboration in all of nature. Earth would not be alive as we know it without such cooperation. Moreover, the shelter it provides prevents millions of meteorites from pounding us like the powdered surface of the moon. While we may not be sensitive enough to hear it, we find solace in knowing that the sound is there above, ''like the random noise of rain on the roof at night.''', NULL, 35, 0, NULL, 1, NULL, NULL, 1),
(17, 1, 2, 'The Plague', 400, NULL, 'English', 'Albert Camus', NULL, 'Used - Acceptable', NULL, 'Paperback', 1, '', 'The town of Oran is hit by a devastating plague. Everyone is locked in the town. Nobody comes in, nobody goes out. Gripped by this circumstance, the people are challenged to confront their strongly held beliefs. Meanwhile, a group of tenacious men and women work together to fight the plague, hoping that they''ll eventually figure out a cure to put an end to it. Eventually, indeed, the plague is brought to a stop. But how? Could it be divine intervention? It''s not what you think.', NULL, 37, 0, NULL, 1, NULL, NULL, 1),
(18, 1, 2, 'Living Language: French', 500, NULL, 'English', 'Anne Heminway', NULL, 'Used - Acceptable', NULL, 'Paperback', 1, '', 'While the book may be dated, e.g. the currency is not in euros, I found the sequence of chapters relevant to one who is learning French. The chapters start with a dialogue, then an explanation of certain grammar points, then some exercises, and finally a cultural note, which all provide a much better glimpse of French culture. Using tools like Google Translate to help you with the pronunciation, you should be able to gradually learn to speak, read, and understand French as you go through this book.', NULL, 40, 0, NULL, 1, NULL, NULL, 0),
(19, 1, 2, 'Starting Point, 1979-1996', 850, NULL, 'English', 'Hayao Miyazaki', NULL, 'New', NULL, 'Paperback', 1, 'Beth Cary/Frederik L. Schodt', 'I first got a copy of this book (Japanese version) while studying in Japan as an exchange student. I wanted to eventually be able to read it in the original. About 10 years later, I was indeed able to read the chapter on ''''Animation and Manga Movies''''. It was a pleasant surprise that my Japanese language ability had improved to the extent that I could already read such texts. I then translated the chapter for my class on Japanese Films. Having said this, it is still fun even now to just randomly flip a page and read insights from MiyazakiSAN.', NULL, 33, 1, NULL, 1, NULL, NULL, 0),
(20, 1, 2, 'Turning Point, 1997-2008', 1400, NULL, 'English', 'Hayao Miyazaki', NULL, 'New', NULL, 'Hardcover', 1, 'Beth Cary/Frederik L. Schodt', 'I first got a copy of the first book, ''''Starting Point, 1979-1996 (Japanese version)'''', while studying in Japan as an exchange student. I wanted to eventually be able to read it in the original. About 10 years later, I was indeed able to read the chapter on ''''Animation and Manga Movies''''. It was a pleasant surprise that my Japanese language ability had improved to the extent that I could already read such texts. I then translated the chapter for my class on Japanese Films. Not long after, I got a copy of this book in the original Japanese. It is indeed fun to just randomly flip a page and read insights from MiyazakiSAN.', NULL, 30, 0, NULL, 1, NULL, NULL, 0),
(21, 1, 2, 'Made in Japan', 400, NULL, 'English', 'Akio Morita et al.', NULL, 'Used - Acceptable', NULL, 'Paperback', 1, 'Edwin M. Reingold/Mitsuko Shimomura', 'Here''s my English translation of an excerpt taken from an interview with Akio Morita on NHK''s 「あの人に会いたい」(I want to meet that person).<br> 「私は日本製品を売ろうとしていたが、 ドイツ人の目にはこの傘が日本製品を象徴していると」''''I was trying to sell Japanese products, but in the eyes of Germans, Japanese products were small umbrellas that are put on top of ice creams!''''<br> 「この傘がメイドインジャパンだったわけです」 ''''This umbrella represented products made in Japan.''''<br> 「それ以来、私はメイドインジャパンのイメージを変えなければと一生懸命やってきた」 ''''After that, I did my very best to change the ''Made in Japan'' image.''''', NULL, 32, 0, NULL, 1, NULL, NULL, 1),
(22, 1, 2, 'Wikinomics', 400, NULL, 'English', 'Don Tapscott/Anthony Williams', NULL, 'Used - Acceptable', NULL, 'Hardcover', 1, NULL, 'This book provides an optimistic view on how technology, particularly the internet, is enabling people to massively collaborate. While we know that technology is a double-edged sword, that is, it can be used for good or ill depending on its wielder, one is left with a positive and optimistic feeling that things are getting better instead of worse after reading this book. ', NULL, 36, 0, NULL, 1, NULL, NULL, 0),
(23, 1, 2, 'The Dancing Wu Li Masters', 400, NULL, 'English', 'Gary Zukav', NULL, 'Used - Acceptable', NULL, 'Paperback', 1, NULL, 'This book is a must-read for anyone who wants to understand Physics, that is, not the Physics that students commonly learn in school, where there are equations that one must solve in a sort of computer-like way, without really understanding deeply what kind of thinking and perspective brought about those equations in the first place. One question that this book asks is, what is a living thing? If we break down a human person into very, very tiny, little pieces, we''ll find that a rock is made up of those very tiny, little pieces as well. And yet, we do not call a rock a living thing. Why is that? Eventually, if you continue asking such questions, you''ll arrive with the answer that we don''t know. And the book concludes with an invitation to an opening towards eastern culture. ', NULL, 31, 0, NULL, 1, NULL, NULL, 1),
(24, 1, 10, 'Le Petit Prince', 320, 400, 'French', 'Antoine de Saint-Exupéry', NULL, 'Used - Acceptable', NULL, 'Paperback', 1, NULL, 'This book''s often quoted phrase, «On ne voit bien qu''avec le cœur. L''essentiel est invisible pour les yeux.  (We can only see well with our hearts. What is essential is invisible to the eye.)» reminds us that a person can be vain, difficult, and demanding, but it is the quality time that we spent for that person that makes him or her special and unique from all the other persons in the world.', NULL, 165, 0, NULL, 1, NULL, NULL, 1),
(25, 1, 2, 'Founders at Work', 500, NULL, 'English', 'Jessica Livingston', NULL, 'Used - Acceptable', NULL, 'Hardcover', 1, NULL, 'Reading this book gives a person an idea of what founders of startups had to undergo to be able to achieve what they''ve achieved. It contains interviews upon interviews of founders of companies that even now we still recognize and whose services we still use. I hope that this book gives you a better appreciation and respect for company founders, and inspires you to become one someday.', NULL, 44, 0, NULL, 1, NULL, NULL, 1),
(26, 1, 2, 'Standard First Aid & Personal Safety', 500, NULL, 'English', 'American Red Cross', NULL, 'Used - Acceptable', NULL, 'Paperback', 0, NULL, 'While there are copies of First Aid guides, which a person can download free-of-charge online, this printed copy shows ways of how an ordinary person, without having to prescribe any medicine, can provide first aid when needed. Examples include applying various bandages, positioning a person in certain ways, and so on. What is most important, however, is achieving a calm and tranquil state of mind to act and do what must be done even during times of accidents or disaster. Hopefully, this book helps you attain such a state of presence.', NULL, 30, 0, NULL, 1, NULL, NULL, 1),
(27, 1, 9, 'HSK Level 5 Sample Exam', 1500, NULL, 'Mandarin/Japanese', 'Confucius Institute (Hanban)', NULL, 'Used - Acceptable', NULL, 'Paperback', 0, '株式会社スプリックス', 'This book is a good learning tool not only for those who''ll be taking the HSK Level 5 exam, but also those who simply enjoy reading interesting texts or articles from a variety of fields. The texts are in Mandarin (Simplified), while the translation and explanations are in Japanese. One story that I remember from this book is the one about the business man, his son, and their donkey. The lesson it shared was that it is difficult to please everybody. And if you mistakenly think that you can satisfy everyone, you''ll realize that you won''t be happy and the people you wanted to satisfy won''t be satisfied either. ', NULL, 31, 0, NULL, 1, NULL, NULL, 0),
(28, 4, 3, 'M&S Earl Grey Tea', 295, NULL, 'English', NULL, NULL, NULL, NULL, NULL, 1, NULL, 'Douglas Adams has this to say about tea. It is from the chapter on ''''Tea'''' from the book, <b><a href=\\''https://store.usbong.ph/w/The-Salmon-of-Doubt-Douglas-Adams/69\\''>The Salmon of Doubt</a></b>. ''''Drink it. After a few moments you will begin to think that the place you''ve come to  isn''t maybe quite so strange and crazy after all.''''', NULL, 65, 0, NULL, 1, NULL, NULL, 0),
(29, 4, 3, 'UCC Coffee (Rich Blend)', 580, NULL, 'Japanese', NULL, NULL, NULL, NULL, NULL, 0, NULL, 'The Finns or the Finnish people are said to be heavy coffee drinkers. Perhaps it''s due to the seemingly predominantly stark climate they''re in. Yet other than the Finnish sauna, what better way to celebrate life than the smell of freshly brewed coffee for 2 at home?', NULL, 69, 0, NULL, 1, NULL, NULL, 0),
(30, 4, 3, 'sencha (Green Tea)', 225, NULL, 'Japanese', NULL, NULL, NULL, NULL, NULL, 1, NULL, 'While at present, Filipinos in general favor coffee over tea, I hope that someday we would all appreciate the simple and calming effects of drinking Japanese green tea. While other teas may contain plenty of caffeine, or would easily cause molds to form if not consumed quickly, green tea offers few, if at all, caffeine, such that one can drink it even before going to sleep, and can store it in room temperature without molds forming. If you find that you''ve made too much green tea, you can put it inside the refrigerator and drink it later as cold tea, without the disadvantage of too much added sugar found in commercialized iced teas.', NULL, 70, 0, NULL, 1, NULL, NULL, 0),
(31, 1, 5, 'PROMO-Le Petit Prince, Living Language French, The Plague', 1080, NULL, 'French/English', 'Saint-Exupéry, Heminway, Camus', NULL, 'Used - Acceptable', NULL, 'Paperback', 1, NULL, NULL, NULL, 190, 0, NULL, 1, NULL, NULL, 0),
(32, 1, 5, 'PROMO-Wikinomics, Guns, Germs, and Steel, The Soul of a New Machine, The Different Drum', 1490, NULL, 'English', 'Tapscott/Williams, Diamond, Kidder, Peck', NULL, 'Used - Acceptable', NULL, 'Mixed', 1, NULL, NULL, NULL, 27, 0, NULL, 1, NULL, NULL, 0),
(33, 1, 5, 'PROMO-Made in Japan, The Soul of a New Machine, Founders at Work, Outliers', 1490, NULL, 'English', 'Morita et al., Kidder, Gladwell, Livingston', NULL, 'Used - Acceptable', NULL, 'Mixed', 1, NULL, NULL, NULL, 75, 0, NULL, 1, NULL, NULL, 0),
(34, 1, 5, 'PROMO-Starting Point, Turning Point', 2180, NULL, 'English', 'Hayao Miyazaki', NULL, 'New', NULL, 'Mixed', 1, 'Beth Cary and Frederik L. Schodt', NULL, NULL, 36, 1, NULL, 1, NULL, NULL, 0),
(35, 1, 5, 'PROMO-Steve Jobs, The Innovators', 1025, NULL, 'English', 'Walter Isaacson', NULL, 'Used - Very Good', NULL, 'Paperback', 1, NULL, NULL, NULL, 39, 1, NULL, 1, NULL, NULL, 0),
(36, 2, 6, 'ACTION COMICS 1-52 (complete set)', 8000, NULL, 'English', NULL, NULL, 'new, 1-52 + extras, VF-NM', NULL, 'Paperback', 1, NULL, NULL, NULL, 57, 0, NULL, 1, NULL, NULL, 0),
(37, 2, 6, 'Silver Surfer vol 1 (complete set)', 32000, NULL, 'English', NULL, NULL, 'VG-F', NULL, 'Paperback', 1, NULL, '<br> 1-18 (Complete)', NULL, 37, 0, NULL, 1, NULL, NULL, 0),
(38, 2, 6, 'Batman Superman set', 3000, NULL, 'English', NULL, NULL, 'VF-NM', NULL, 'Paperback', 1, NULL, '<br>1-31, annual 1-2, future''s end 1, missing issue 32', 0, 54, 0, NULL, 1, NULL, NULL, 0),
(39, 2, 6, 'ULTIMATE FALLOUT set', 1800, NULL, 'English', NULL, NULL, 'VF-NM', NULL, 'Paperback', 1, NULL, 'Ultimate Fallout 1-6<br> Issue 4 1st appearance Miles Morales<br> Death of Spider-man 2nd print', NULL, 42, 0, NULL, 1, NULL, NULL, 0),
(40, 2, 6, 'KLAUS boom studios', 1200, NULL, 'English', NULL, NULL, 'complete set 1-7, VF-NM', NULL, NULL, 1, NULL, NULL, NULL, 26, 0, NULL, 1, NULL, NULL, 0),
(41, 2, 6, 'Empire of the Dead', 1500, NULL, 'English', NULL, NULL, 'VF', NULL, 'Paperback', 1, NULL, '<br> Complete 1st arc, 1-5', NULL, 30, 0, NULL, 1, NULL, NULL, 0),
(42, 2, 6, 'Fairest (complete set)', 3500, 4000, 'English', NULL, NULL, 'VF', NULL, 'Paperback', 1, NULL, NULL, NULL, 36, 0, NULL, 1, NULL, NULL, 0),
(43, 2, 6, 'Batman and Robin New 52 set', 6000, NULL, 'English', NULL, NULL, 'VF-NM', NULL, 'Paperback', 1, NULL, '<br>Complete set of Batman and Robin new 52', NULL, 55, 0, NULL, 1, NULL, NULL, 0),
(44, 1, 7, 'One Piece Manga set (1-20)', 2405, 3700, 'Japanese', NULL, NULL, 'Used - Acceptable', NULL, 'Paperback', 1, NULL, 'I started collecting manga (and retro video games) when I first went to Japan on my own as an exchange student. However, it was only about 10 years later that I actually sat down and read the manga''s (and played the video games； not just tested them to see if they worked). I had set out to learn Japanese language and culture, because I was very much into Japanese pop culture. But during that time when I was learning, I hardly had time left to enjoy the things which got me learning in the first place. While what urged me to go back and enjoy the manga and the video games is another story for another time, One Piece is one of the manga''s that I returned to reading after that more or less 10 year period of serious learning.', NULL, 53, 0, NULL, 1, NULL, NULL, 0),
(45, 1, 7, 'Conan Manga set (1-9)', 1082, 1665, 'Japanese', NULL, NULL, 'Used - Acceptable', NULL, 'Paperback', 1, NULL, NULL, NULL, 71, 0, NULL, 1, NULL, NULL, 0),
(46, 1, 7, 'Rurouni Kenshin Manga set (1-27 complete)', 3510, 5400, 'Japanese', NULL, NULL, 'Used - Good', NULL, 'Paperback', 1, NULL, 'If you''re like most Filipinos, you''ve probably seen the anime first, before having read the manga. Of course, if you''re part of the younger generation, you may have likely seen the films first before either the anime or the manga. In any case, I found the anime more toned down than the manga in terms of the harsh reality of life. Having said this, this manga set should still offer good reading material, especially for nihongo learners. As to my favorite character in the series, that''s another story for another time.', NULL, 48, 0, NULL, 1, NULL, NULL, 0),
(47, 2, 8, 'DAREDEVIL', 800, NULL, 'English', NULL, NULL, NULL, NULL, NULL, 1, NULL, NULL, NULL, 42, 0, NULL, 1, NULL, NULL, 0),
(48, 2, 8, 'Spider-man Marvel Toybiz 90s', 700, NULL, 'English', NULL, NULL, 'New', NULL, NULL, 1, NULL, 'MOC', NULL, 41, 0, NULL, 1, NULL, NULL, 0),
(49, 2, 8, 'Marvel Legends Wave 1 X-MEN BAF Juggernaut', 10000, NULL, 'English', NULL, NULL, 'VF-NM', NULL, NULL, 0, NULL, NULL, NULL, 34, 0, NULL, 1, NULL, NULL, 0),
(50, 1, 9, 'shimbun de manabu nihongo (with CDs)', 1900, 2700, 'Japanese', 'Mizutani Osamu et al.', NULL, 'New', NULL, 'Paperback', 2, NULL, NULL, NULL, 41, 0, NULL, 1, NULL, NULL, 0),
(51, 1, 9, 'kanzen masta- 2kyuu', 910, 1296, 'Japanese', '3A Corporation', NULL, 'New', NULL, 'Paperback', 2, NULL, NULL, NULL, 33, 0, NULL, 1, NULL, NULL, 0),
(52, 1, 9, 'kanzen masta- 1kyuu', 910, 1296, 'Japanese', '3A Corporation', NULL, 'New', NULL, 'Paperback', 2, NULL, NULL, NULL, 36, 0, NULL, 1, NULL, NULL, 0),
(53, 1, 9, 'kanji look and learn', 950, 1350, 'Japanese', 'Eri Banno et al. (The Japan Times)', NULL, 'New', NULL, 'Paperback', 1, NULL, 'This book contains 512 Kanji characters with drawings or illustrations, mnemonic hints, the correct stroke order, as well as their various readings, to help the student master this incredible invention that should cover up to N2 of the Japanese Language Proficiency Test (JLPT).', NULL, 39, 0, NULL, 1, NULL, NULL, 0),
(54, 1, 9, 'genki II 2nd ed (with CD)', 2650, 3780, 'Japanese', 'Eri Banno et al. (The Japan Times)', NULL, 'New', NULL, 'Paperback', 2, NULL, 'This is one of the textbooks my classmates and I used back when I was an exchange student in Japan. I was so determined to learn the Japanese language that even before arriving in Japan, I had already taken several classes. <br><br>Actually, I started learning nihongo on my own when I was in 4th year high school. After I graduated, I took language classes in Ortigas. There I met my first Filipino teacher in nihongo. He advised me to apply in the exchange programs offered in universities. This is what he did as a student at De La Salle University (DLSU). <br><br>I continued taking classes in Ortigas every Saturday during my time in college, while making sure that I arrive on time for ROTC (Reserve Officers'' Training Course). At the time, we didn''t have any alternative to ROTC, unlike university students these days. When I finally took my first foreign language class in college, I already had some background. <br><br>Eventually, I was fortunate enough to be accepted as a student in Japan for 2 semesters in my junior year. When I took the placement test, I earned enough points to land on a Japanese Language and Culture class that used this textbook. <br><br>I never used the <b><a href=''https://store.usbong.ph/w/genki-I-2nd-ed-with-CD-Eri-Banno-et-al.-The-Japan-Times/55''>first Genki textbook</a></b>, until several years later, when I became a teacher. To tell you the truth, I didn''t know I''d become a teacher. I didn''t really set out to be one. But I guess I''m getting ahead of myself, because that''s another story for another time.', NULL, 40, 0, NULL, 1, NULL, NULL, 0),
(55, 1, 9, 'genki I 2nd ed (with CD)', 2650, 3780, 'Japanese', 'Eri Banno et al. (The Japan Times)', NULL, 'New', NULL, 'Paperback', 2, NULL, NULL, NULL, 33, 0, NULL, 1, NULL, NULL, 0),
(56, 1, 9, 'erin (with DVD) vol 3', 1820, 2592, 'Japanese', 'The Japan Foundation', NULL, 'New', NULL, 'Paperback', 2, NULL, 'This is volume 3 of the erin series. It contains manga, cultural notes, basic and advanced skits (translated from Japanese to English, Portuguese, Korean, and Simplified Mandarin) as well as their videos in DVD, as they share the story of erin, an international student, studying in a high school in Japan and living with a Japanese host family.', NULL, 32, 0, NULL, 1, NULL, NULL, 0),
(57, 1, 9, 'erin (with DVD) vol 2', 1820, 2592, 'Japanese', 'The Japan Foundation', NULL, 'New', NULL, 'Paperback', 2, NULL, 'This is volume 2 of the erin series. It contains manga, cultural notes, basic and advanced skits (translated from Japanese to English, Portuguese, Korean, and Simplified Mandarin) as well as their videos in DVD, as they share the story of erin, an international student, studying in a high school in Japan and living with a Japanese host family.', NULL, 43, 0, NULL, 1, NULL, NULL, 0),
(58, 1, 9, 'erin (with DVD) vol 1', 1820, 2592, 'Japanese', 'The Japan Foundation', NULL, 'New', NULL, 'Paperback', 2, NULL, 'This is volume 1 of the erin series. It contains manga, cultural notes, basic and advanced skits (translated from Japanese to English, Portuguese, Korean, and Simplified Mandarin) as well as their videos in DVD, as they share the story of erin, an international student, studying in a high school in Japan and living with a Japanese host family.', NULL, 43, 0, NULL, 1, NULL, NULL, 0),
(59, 1, 2, 'kenshuui junjou monogatari', 350, NULL, 'Japanese', 'Keiichi Kawafuchi', NULL, 'New', NULL, 'Paperback', 1, NULL, '''''Honest Tales of a Medical Resident: Don''t Call Me Doctor!'''', by Keiichi Kawafuchi, relates the author''s own experiences as a resident in a university hospital. The road that he took to become a medical doctor wasn''t straight-forward. He first worked in various and odd jobs, even turning into a hikikomori (someone who withdraws from society), before deciding at 30 to become a medical doctor. He eventually graduated at 37 years old from Kyoto University''s Medical School, and is now a freelance internist and writer. Although reviews may be mixed (one side likes the book, the other side doesn''t), I found the author''s experiences and musings quite honest and frank.', NULL, 38, 0, NULL, 1, NULL, NULL, 0),
(60, 1, 2, 'Godel, Escher, Bach', 700, NULL, 'English', 'Douglas Hofstadter', NULL, 'Used - Acceptable', NULL, 'Paperback', 2, NULL, 'This book shows through historical examples of real persons who''ve stumbled upon the paradoxes of logic, and have emerged with masterpieces that defy reason. I highly recommend this book to people who are stuck in the realm of thinking, and have yet to appreciate the beauty of what is beyond logic.', NULL, 45, 1, NULL, 1, NULL, NULL, 1),
(61, 1, 2, 'The Intelligent Investor', 550, NULL, 'English', 'Benjamin Graham', NULL, 'Used - Acceptable', NULL, 'Hardcover', 2, NULL, 'One key idea from the book is this: Unlike many people, who think that money in investment is made out of buying and selling of stocks, real money is actually made, as it has been done since the past, out of owning and holding securities. From these, one receives interest and dividends as well as increases in value.', NULL, 28, 0, NULL, 1, NULL, NULL, 1),
(63, 1, 2, 'The Hero with a Thousand Faces', 600, NULL, 'English', 'Joseph Campbell', NULL, 'Used - Acceptable', NULL, 'Paperback', 1, NULL, 'Have you ever wondered why we tell each other stories? <br><br> According to the author, there is a pattern in the stories humankind has told time and time again since the ancient past.  <br><br> Stories about love where out of the many who have tried and failed, emerges a hero who would be able to defeat the hideous ogre, which may symbolize the dear damsel''s parents, and triumphantly save the princess and be able to live together in everlasting bliss. But if so many have failed, how does the hero in fact do this incredible and seemingly insurmountable task?', NULL, 37, 0, NULL, 1, NULL, NULL, 1),
(64, 1, 2, 'The Seasons of a Woman''s Life', 500, NULL, 'English', 'Daniel Levinson et al.', NULL, 'Used - Acceptable', NULL, 'Paperback', 1, NULL, 'From the team that brought out the book, ''''The Seasons of a Man''s Life'''', comes another notable work that provides a more or less general picture of the so-called ''''seasons'''' of a woman''s life as she lives her 20s, 30s, and 40s. An impression that I got from this book is the difficult reality of simply living one''s life, especially for women. It is indeed full of disappointments and heartaches, yet can be turned into triumphs where one emerges much stronger and less naive about the world and a woman''s place in it.', NULL, 29, 0, NULL, 1, NULL, NULL, 0),
(65, 1, 2, 'A New Earth', 500, NULL, 'English', 'Eckhart Tolle', NULL, 'Used - Acceptable', NULL, 'Paperback', 1, NULL, 'The author''s message doesn''t necessarily deviate from the one that is brought forth in eastern philosophy. And if from this book you are able to have a better appreciation of life and our world, with all the pain and imperfections that come along with it, then I believe that we''ve gained one more peaceful person, and our world is so much better for it.', NULL, 65, 0, NULL, 1, NULL, NULL, 0),
(66, 1, 2, 'The Richest Man in Babylon', 300, NULL, 'English', 'George Clason', NULL, 'Used - Acceptable', NULL, 'Paperback', 1, NULL, 'This book offers guidance to becoming wealthy. The lessons are brought out using stories revolving in the great ancient city of Babylon. I often find myself rereading and rereading this book to make sure that I am able to internalize what I''ve learned. One key lesson from the book is the setting aside of no less than 10% of one''s income. Even with only 10pesos saved everyday for 30 days you could already accumulate 300pesos! Afterwards, it is important to make your money work and earn more for you by investing it in honorable and trustworthy people who can keep safe the principal, yet provide you with adequate returns for years and years to come.<br><br>''''Babylon became the wealthiest city of the ancient world because its citizens were the richest people of their time.''''', NULL, 38, 1, NULL, 1, NULL, NULL, 1),
(67, 1, 7, 'Full Metal Alchemist Manga set (1-27 complete)', 3705, 5700, 'Japanese', 'Hiromu Arakawa', NULL, 'Used - Very Good', NULL, 'Paperback', 1, NULL, NULL, NULL, 57, 0, NULL, 1, NULL, NULL, 0),
(68, 1, 7, 'Ranma Manga set (1-38 complete)', 4550, 7000, 'Japanese', 'Rumiko Takahashi', NULL, 'Used - Very Good', NULL, 'Paperback', 1, NULL, NULL, NULL, 37, 0, NULL, 1, NULL, NULL, 0),
(69, 1, 2, 'The Salmon of Doubt', 400, NULL, 'English', 'Douglas Adams', NULL, 'Used - Acceptable', NULL, 'Paperback', 1, NULL, 'The author wrote a chapter on ''''Tea''''. This is what he has to say: ''''Drink it. After a few moments you will begin to think that the place you''ve come to isn''t maybe quite so strange and crazy after all.''''', NULL, 32, 0, NULL, 1, NULL, NULL, 0),
(70, 1, 2, 'Banker to the Poor', 400, NULL, 'English', 'Muhammad Yunus', NULL, 'Used - Acceptable', NULL, 'Paperback', 1, NULL, 'In one of my travels in Southeast Asia, I was fortunate to have met a Bangladeshi who was attending the same conference I was attending on ICTD (Information and Communication Technologies and Development). He was kind enough to have treated me to a scrumptious vegetarian meal after accompanying him to a mall to have our travellers cheques exchanged and get himself a new sim card for use during his stay in the country.<br><br> I remember mentioning to him Muhammad Yunus whom he knew, since they''re both from Bangladesh.  <br><br> While it is always better to be cautious with strangers, given the right environment, it can be good to meet and interact with other people and learn from them too. <br><br> Muhammad Yunus has said: ''''Who has given the ultimate verdict that people are motivated only by money--that the desire to do great things for the world can''t be just as powerful a driving force in human behavior?''''', NULL, 44, 0, NULL, 1, NULL, NULL, 0),
(71, 1, 2, 'Delivering Happiness', 500, NULL, 'English', 'Tony Hsieh', NULL, 'Used - Acceptable', NULL, 'Hardcover', 3, NULL, 'The author shares the story of how he and his team built the online store, Zappos.com, which was later acquired by Amazon.com. I found it interesting to realize that when everyone is selling the same products at more or less the same price, what would set the company apart would none other than be the customer experience or the company''s customer service.', NULL, 43, 0, NULL, 1, NULL, NULL, 0),
(72, 1, 9, 'software kaihatsu gijutsusha 2008 ed', 2700, NULL, 'Japanese', 'nikkei BP company', NULL, 'Used - Acceptable', NULL, 'Paperback', 0, NULL, NULL, NULL, 25, 0, NULL, 1, NULL, NULL, 0),
(73, 1, 2, 'Surgeons Do Not Cry', 500, NULL, 'English', 'Ting Tiongco', NULL, 'Used - Acceptable', NULL, 'Paperback', 0, NULL, '''''Learn from the People''''', NULL, 33, 0, NULL, 1, NULL, NULL, 1),
(74, 1, 2, 'John L Gokongwei Jr', 500, NULL, 'English', 'Marites Khanser', NULL, 'Used - Acceptable', NULL, 'Paperback', 0, NULL, 'It was interesting for me to discover the life story of Mr. John Gokongwei Jr, and how he was able to build an empire from the ground-up.  <br><br> Sometime ago, I was with my dad on our way to a conference in Macau. As we were waiting for our call to board the Cebu Pac plane, my dad quickly recognized Mr. John Gokongwei Jr sitting quietly, and he humbly introduced himself and I to him. <br><br> When he learned that we were going to a conference in Macau, his eyes widened, and, somehow, he reminded me of Richard Feynman. <br><br> Years later, I would meet, somewhat serendipitously, his son. <br><br> Having said this, the book mentions that the common business sectors of the top Philippine Listed Holding Firms include: 1) Banking and Finance, 2) Hotels, Malls and Apartments, 3) Manufacturing, and 4) Real Estate and Property Development.', NULL, 30, 0, NULL, 1, NULL, NULL, 1),
(75, 1, 2, 'The Millionaire Next Door', 400, NULL, 'English', 'Thomas Stanley/William Danko', NULL, 'Used - Acceptable', NULL, 'Paperback', 5, NULL, 'Along with ''''The Richest Man in Babylon'''', this is a book that I often find myself rereading and rereading.  <br><br> A key idea from the book is the importance of frugality. Moreover, for a family to become financially independent, either the wife or the husband should be thriftier than his or her already thrifty spouse. <br><br> I should also add that the book advises that more valuable than money are: good health, longevity, happiness, a loving family, self-reliance, and fine friends.', NULL, 29, 0, NULL, 1, NULL, NULL, 1),
(76, 1, 2, 'Managing in a Time of Great Change', 500, NULL, 'English', 'Peter Drucker', NULL, 'Used - Acceptable', NULL, 'Paperback', 2, NULL, 'I learned many things from this book. Here are some of them:<br><br> 1) It has been said that the Japanese owe their success to running the modern corporation as a family. Peter Drucker adds that the overseas Chinese owe their success to running their family as a modern corporation.<br><br> 2) People  have always worked in teams, because very few people could work effectively by themselves. ''''The farmer had to have a wife, and the farmwife had to have a husband.'''' Both of them worked as a team with their employees, the hired hands. The craftsman, too, had to have a wife. ''''He took care of the craft work, she took care of the customers, the apprentices, and the business altogether.'''' Both of them worked as a team with journeymen and apprentices.', NULL, 27, 0, NULL, 1, NULL, NULL, 1),
(77, 1, 2, 'Direct from Dell', 500, NULL, 'English', 'Michael Dell (with Catherine Fredman)', NULL, 'Used - Acceptable', NULL, 'Paperback', 1, NULL, 'Michael Dell shares the story of how he and his team built Dell Computer Corporation. I particularly liked the part about his company''s early days, and how he started by buying cheap components and upgrading computers himself to sell them to customers at a much lower cost than resellers who simply bought assembled computers and sold them with an added overhead fee. Focusing on what customers actually want, instead of what a person thinks they want, is one of the many things that I learned from reading this book.', NULL, 37, 0, NULL, 1, NULL, NULL, 0),
(78, 1, 2, 'The HP Way', 500, NULL, 'English', 'David Packard', NULL, 'Used - Acceptable', NULL, 'Paperback', 1, NULL, 'After doing Computer Science for 10 years, I learned that there will be always something to add, something to fix, and something to improve on. And if you''re the type of person who dislikes finding out that you''ve got to fix another bug, then you''re better off in another industry.<br><br> Given this circumstance, we may ask why anyone would want to put his or herself in such a system. And we can say that because it''s fun. It''s fun because we''re with a company of good friends, building something together.<br><br> ''''...the best job can be done when the manager has a genuine and thorough understanding of the work. I don''t see how managers can even understand what standards to observe, what performance to require, and how to measure results unless they understand in some detail the specific nature of the work they are trying to supervise.''''', NULL, 31, 0, NULL, 1, NULL, NULL, 0);




CREATE TABLE product_type (
  product_type_id INTEGER PRIMARY KEY,
  product_type_name TEXT
); 

INSERT INTO product_type (product_type_id, product_type_name) VALUES
(1, 'All'),
(2, 'Books'),
(3, 'Beverages'),
(4, 'Books/Beverages'),
(5, 'Promos'),
(6, 'Comics'),
(7, 'Manga'),
(8, 'Toys & Collectibles'),
(9, 'Textbooks'),
(10, 'Children''s'),
(11, 'Food'),
(12, 'Miscellaneous'),
(13, 'Medical');

COMMIT;